sentence_id,token_index,token,label,start,end
1,1,nhưng,O,0,5
1,2,do,O,6,8
1,3,yêu,O,9,12
1,4,chị,O,13,16
1,5,N,B-PERSON,17,18
1,6,.,O,18,19
2,1,Thông_tin,O,0,9
2,2,từ,O,10,12
2,3,công_an,B-ORGANIZATION,13,20
2,4,huyện,I-ORGANIZATION,21,26
2,5,Quan_Hóa,I-ORGANIZATION,27,35
2,6,",",O,35,36
2,7,trước,O,37,42
2,8,đó,O,43,45
2,9,công_an,B-ORGANIZATION,46,53
2,10,thị_trấn,I-ORGANIZATION,54,62
2,11,Hồi_Xuân,I-ORGANIZATION,63,71
2,12,(,O,72,73
2,13,huyện,O,73,78
2,14,Quan_Hóa,O,79,87
2,15,),O,87,88
2,16,nhận,O,89,93
2,17,được,O,94,98
2,18,tin,O,99,102
2,19,báo,O,103,106
2,20,của,O,107,110
2,21,anh,O,111,114
2,22,Lê_Tiến_Thắng,B-PERSON,115,128
2,23,về,O,129,131
2,24,việc,O,132,136
2,25,bị,O,137,139
2,26,Nguyễn_Văn_Tùng,B-PERSON,140,155
2,27,lừa_đảo,O,156,163
2,28,",",O,163,164
2,29,chiếm_đoạt,O,165,175
2,30,12,O,176,178
2,31,",",O,178,179
2,32,7,O,179,180
2,33,triệu,O,181,186
2,34,đồng,O,187,191
2,35,.,O,191,192
3,1,Mở_rộng,O,0,7
3,2,điều_tra,O,8,16
3,3,",",O,16,17
3,4,công_an,O,18,25
3,5,bắt_giữ,O,26,33
3,6,thêm,O,34,38
3,7,3,O,39,40
3,8,đối_tượng,O,41,50
3,9,chuyên,O,51,57
3,10,tiêu_thụ,O,58,66
3,11,tài_sản,O,67,74
3,12,phạm_pháp,O,75,84
3,13,",",O,84,85
3,14,gồm,O,86,89
3,15,:,O,89,90
3,16,vợ_chồng,O,91,99
3,17,chủ,O,100,103
3,18,cửa_hàng,O,104,112
3,19,ĐTDĐ,O,113,117
3,20,“,O,118,119
3,21,Trung_Beer,B-ORGANIZATION,119,129
3,22,”,O,129,130
3,23,ở,O,131,132
3,24,Q,B-LOCATION,133,134
3,25,.,I-LOCATION,134,135
3,26,4,I-LOCATION,135,136
3,27,là,O,137,139
3,28,Trịnh_Quang_Trung,B-PERSON,140,157
3,29,(,O,158,159
3,30,SN,O,159,161
3,31,1979,O,162,166
3,32,),O,166,167
3,33,–,O,168,169
3,34,Trịnh_Thị_Lan,B-PERSON,170,183
3,35,(,O,184,185
3,36,SN,O,185,187
3,37,1982,O,188,192
3,38,),O,192,193
3,39,và,O,194,196
3,40,1,O,197,198
3,41,nhân_viên,O,199,208
3,42,của,O,209,212
3,43,tiệm,O,213,217
3,44,này,O,218,221
3,45,là,O,222,224
3,46,Trịnh_Tố_Tâm,B-PERSON,225,237
3,47,(,O,238,239
3,48,SN,O,239,241
3,49,1990,O,242,246
3,50,",",O,246,247
3,51,cùng,O,248,252
3,52,quê,O,253,256
3,53,Nam_Định,B-LOCATION,257,265
3,54,),O,265,266
3,55,.,O,266,267
4,1,Viên_Minh,B-LOCATION,0,9
4,2,tự,I-LOCATION,10,12
4,3,còn,O,13,16
4,4,gọi_là,O,17,23
4,5,chùa,B-LOCATION,24,28
4,6,Giáng,I-LOCATION,29,34
4,7,nằm,O,35,38
4,8,ven,O,39,42
4,9,đê,O,43,45
4,10,sông,B-LOCATION,46,50
4,11,Hồng,I-LOCATION,51,55
4,12,thuộc,O,56,61
4,13,xã,B-LOCATION,62,64
4,14,Quang_Lãng,I-LOCATION,65,75
4,15,",",O,76,77
4,16,huyện,B-LOCATION,78,83
4,17,Phú_Xuyên,I-LOCATION,84,93
4,18,",",O,94,95
4,19,Hà_Tây,B-LOCATION,96,102
4,20,(,O,103,104
4,21,cũ,O,105,107
4,22,),O,108,109
4,23,nay,O,110,113
4,24,thuộc,O,114,119
4,25,Hà_Nội,B-LOCATION,120,126
4,26,.,O,127,128
5,1,Khuôn_viên,O,0,10
5,2,chùa,O,11,15
5,3,với,O,16,19
5,4,đường_đi_lối_lại,O,20,36
5,5,luôn_luôn,O,37,46
5,6,sạch_sẽ,O,47,54
5,7,",",O,55,56
5,8,cây_cối,O,57,64
5,9,được,O,65,69
5,10,tỉa_tót,O,70,77
5,11,cẩn_thận,O,78,86
5,12,.,O,87,88
6,1,Chất_thải,O,0,9
6,2,nhựa,O,10,14
6,3,và,O,15,17
6,4,túi,O,18,21
6,5,nilông,O,22,28
6,6,do,O,29,31
6,7,con_người,O,32,41
6,8,thải,O,42,46
6,9,trực_tiếp,O,47,56
6,10,hoặc,O,57,61
6,11,bị,O,62,64
6,12,cuốn,O,65,69
6,13,trôi,O,70,74
6,14,theo,O,75,79
6,15,nước,O,80,84
6,16,mưa,O,85,88
6,17,xuống,O,89,94
6,18,sông,O,95,99
6,19,",",O,100,101
6,20,ao_hồ,O,102,107
6,21,cống_rãnh,O,108,117
6,22,.,O,118,119
6,23,.,O,119,120
6,24,.,O,120,121
7,1,Khi,O,0,3
7,2,chị,O,4,7
7,3,S,B-PERSON,8,9
7,4,.,I-PERSON,9,10
7,5,A,I-PERSON,10,11
7,6,.,O,11,12
8,1,Theo,O,0,4
8,2,ông,O,5,8
8,3,T,B-PERSON,9,10
8,4,.,O,10,11
9,1,Về,O,0,2
9,2,phía,O,3,7
9,3,nạn_nhân,O,8,16
9,4,",",O,16,17
9,5,do,O,18,20
9,6,được,O,21,25
9,7,người_dân,O,26,35
9,8,đưa,O,36,39
9,9,đi,O,40,42
9,10,cấp_cứu,O,43,50
9,11,kịp_thời,O,51,59
9,12,",",O,59,60
9,13,nên,O,61,64
9,14,hiện,O,65,69
9,15,đã,O,70,72
9,16,qua,O,73,76
9,17,cơn,O,77,80
9,18,nguy_kịch,O,81,90
9,19,.,O,90,91
10,1,Bị_cáo,O,0,6
10,2,định,O,7,11
10,3,để,O,12,14
10,4,con,O,15,18
10,5,đi,O,19,21
10,6,trước,O,22,27
10,7,rồi,O,28,31
10,8,sẽ,O,32,34
10,9,chết,O,35,39
10,10,theo,O,40,44
10,11,.,O,44,45
11,1,Khi,O,0,3
11,2,mọi,O,4,7
11,3,người,O,8,13
11,4,đến,O,14,17
11,5,",",O,17,18
11,6,Sự,O,19,21
11,7,nói_dối,O,22,29
11,8,",",O,29,30
11,9,con,O,31,34
11,10,trai,O,35,39
11,11,bị,O,40,42
11,12,ngã,O,43,46
11,13,ở,O,47,48
11,14,trên,O,49,53
11,15,lớp,O,54,57
11,16,.,O,57,58
12,1,Người,O,0,5
12,2,phụ_nữ,O,6,12
12,3,này,O,13,16
12,4,có,O,17,19
12,5,hứa,O,20,23
12,6,mức,O,24,27
12,7,thời_hạn,O,28,36
12,8,lấy,O,37,40
12,9,chồng,O,41,46
12,10,chỉ,O,47,50
12,11,12,O,51,53
12,12,tháng,O,54,59
12,13,.,O,60,61
13,1,Thứ,O,0,3
13,2,nhất,O,4,8
13,3,",",O,8,9
13,4,để,O,10,12
13,5,các,O,13,16
13,6,lãnh_đạo,O,17,25
13,7,sợ,O,26,28
13,8,sẽ,O,29,31
13,9,phải,O,32,36
13,10,chấp_thuận,O,37,47
13,11,cho,O,48,51
13,12,các,O,52,55
13,13,công_ty,O,56,63
13,14,được,O,64,68
13,15,khai_thác,O,69,78
13,16,cát,O,79,82
13,17,sỏi,O,83,86
13,18,trong,O,87,92
13,19,đó,O,93,95
13,20,có,O,96,98
13,21,công_ty,O,99,106
13,22,của,O,107,110
13,23,Phương,B-ORGANIZATION,111,117
13,24,.,O,117,118
14,1,7,O,0,1
14,2,.,O,1,2
15,1,và,O,0,2
15,2,làm,O,3,6
15,3,đơn,O,7,10
15,4,trình_báo,B-ORGANIZATION,11,20
15,5,Công_an,B-ORGANIZATION,21,28
15,6,xã,I-ORGANIZATION,29,31
15,7,Quy_Đức,I-ORGANIZATION,32,39
15,8,",",O,40,41
15,9,huyện,B-LOCATION,42,47
15,10,Bình_Chánh,I-LOCATION,48,58
15,11,khi,O,59,62
15,12,mất,O,63,66
15,13,liên_lạc,O,67,75
15,14,với,O,76,79
15,15,N,B-PERSON,80,81
15,16,.,O,81,82
16,1,Những,O,0,5
16,2,ngày,O,6,10
16,3,qua,O,11,14
16,4,",",O,15,16
16,5,ông,O,17,20
16,6,D,B-PERSON,21,22
16,7,.,O,22,23
17,1,Nghi_vấn,O,0,8
17,2,nên,O,9,12
17,3,người_dân,O,13,22
17,4,ra,O,23,25
17,5,kiểm_tra,O,26,34
17,6,thì,O,35,38
17,7,nhận,O,39,43
17,8,thấy,O,44,48
17,9,mùi,O,49,52
17,10,sơn,O,53,56
17,11,nồng_nặc,O,57,65
17,12,",",O,65,66
17,13,cùng,O,67,71
17,14,lúc,O,72,75
17,15,có,O,76,78
17,16,1,O,79,80
17,17,đối_tượng,O,81,90
17,18,mặc,O,91,94
17,19,áo_mưa,O,95,101
17,20,chạy,O,102,106
17,21,về,O,107,109
17,22,hướng,O,110,115
17,23,tòa,B-LOCATION,116,119
17,24,nhà,I-LOCATION,120,123
17,25,CT16,I-LOCATION,124,128
17,26,.,O,128,129
18,1,Các,O,0,3
18,2,quyết_định,O,4,14
18,3,và,O,15,17
18,4,lệnh,O,18,22
18,5,trên,O,23,27
18,6,đã,O,28,30
18,7,được,O,31,35
18,8,Viện_kiểm_sát,O,36,49
18,9,nhân_dân,O,50,58
18,10,cùng,O,59,63
18,11,cấp,O,64,67
18,12,phê_chuẩn,O,68,77
18,13,.,O,77,78
19,1,Sau,O,0,3
19,2,đó,O,4,6
19,3,",",O,6,7
19,4,Tâm,B-PERSON,8,11
19,5,đưa,O,12,15
19,6,cháu,O,16,20
19,7,Thắng,B-PERSON,21,26
19,8,vào,O,27,30
19,9,giường,O,31,37
19,10,nằm,O,38,41
19,11,ngủ,O,42,45
19,12,.,O,45,46
20,1,"""",O,0,1
20,2,Ở,O,2,3
20,3,tất_cả,O,4,10
20,4,tỉnh_thành,O,11,21
20,5,",",O,22,23
20,6,chỗ,O,24,27
20,7,nào,O,28,31
20,8,cũng,O,32,36
20,9,thấy,O,37,41
20,10,tràn_lan,O,42,50
20,11,rác_thải,O,51,59
20,12,túi,O,60,63
20,13,nilông,O,64,70
20,14,"""",O,71,72
20,15,-,O,73,74
20,16,G,B-PERSON,75,76
20,17,S,B-PERSON,77,78
20,18,.,I-PERSON,78,79
20,19,Toàn,I-PERSON,79,83
20,20,nêu,O,84,87
20,21,.,O,88,89
21,1,Cũng,O,0,4
21,2,trong,O,5,10
21,3,6,O,11,12
21,4,tháng,O,13,18
21,5,có,O,19,21
21,6,hơn,O,22,25
21,7,67,O,26,28
21,8,.,O,28,29
21,9,000,O,29,32
21,10,DN,O,33,35
21,11,đăng_ký,O,36,43
21,12,thành_lập,O,44,53
21,13,mới,O,54,57
21,14,",",O,58,59
21,15,gần,O,60,63
21,16,22,O,64,66
21,17,.,O,66,67
21,18,000,O,67,70
21,19,DN,O,71,73
21,20,trở_lại,O,74,81
21,21,hoạt_động,O,82,91
21,22,.,O,92,93
22,1,\,O,0,1
22,2,-,O,1,2
22,3,Cha,O,3,6
22,4,giết,O,7,11
22,5,con,O,12,15
22,6,rồi,O,16,19
22,7,chôn,O,20,24
22,8,xác,O,25,28
22,9,trong,O,29,34
22,10,nhà,O,35,38
22,11,10,O,39,41
22,12,ngày,O,42,46
22,13,mới,O,47,50
22,14,bị,O,51,53
22,15,phát_hiện,O,54,63
22,16,.,O,63,64
23,1,Các,O,0,3
23,2,điều_tra_viên,O,4,17
23,3,hiện,O,18,22
23,4,có,O,23,25
23,5,2,O,26,27
23,6,ngày,O,28,32
23,7,để,O,33,35
23,8,quyết_định,O,36,46
23,9,có,O,47,49
23,10,nên,O,50,53
23,11,trả,O,54,57
23,12,tự_do,O,58,63
23,13,cho,O,64,67
23,14,nam_ca_sĩ,O,68,77
23,15,hay,O,78,81
23,16,nộp,O,82,85
23,17,đơn,O,86,89
23,18,truy_tố,O,90,97
23,19,anh,O,98,101
23,20,.,O,102,103
24,1,Tại,O,0,3
24,2,đây,O,4,7
24,3,",",O,7,8
24,4,cán_bộ,O,9,15
24,5,công_an,O,16,23
24,6,đã,O,24,26
24,7,dùng,O,27,31
24,8,máy,O,32,35
24,9,điện_thoại,O,36,46
24,10,của,O,47,50
24,11,bà,O,51,53
24,12,H,B-PERSON,54,55
24,13,.,O,55,56
25,1,-,O,0,1
25,2,Được,O,2,6
25,3,gặp,O,7,10
25,4,luật_sư,O,11,18
25,5,trước,O,19,24
25,6,ngày,O,25,29
25,7,bị,O,30,32
25,8,đưa,O,33,36
25,9,ra,O,37,39
25,10,xét_xử,O,40,46
25,11,",",O,46,47
25,12,Phan_Sào_Nam,B-PERSON,48,60
25,13,không,O,61,66
25,14,cầm,O,67,70
25,15,được,O,71,75
25,16,nước_mắt,O,76,84
25,17,khi,O,85,88
25,18,nhắc,O,89,93
25,19,đến,O,94,97
25,20,gia_đình,O,98,106
25,21,.,O,106,107
26,1,Công_an,O,0,7
26,2,xác_định,O,8,16
26,3,",",O,16,17
26,4,vào,O,18,21
26,5,rạng,O,22,26
26,6,sáng,O,27,31
26,7,21,O,32,34
26,8,/,O,34,35
26,9,4,O,35,36
26,10,",",O,36,37
26,11,tại,O,38,41
26,12,sân,O,42,45
26,13,chung_cư,O,46,54
26,14,Nơ_14C,B-LOCATION,55,61
26,15,và,O,62,64
26,16,CT16,B-LOCATION,65,69
26,17,khu,B-LOCATION,70,73
26,18,đô_thị,I-LOCATION,74,80
26,19,Định_Công,I-LOCATION,81,90
26,20,",",O,90,91
26,21,có,O,92,94
26,22,6,O,95,96
26,23,ô_tô,O,97,101
26,24,bị,O,102,104
26,25,tạt,O,105,108
26,26,sơn,O,109,112
26,27,màu,O,113,116
26,28,đỏ,O,117,119
26,29,",",O,119,120
26,30,phải,O,121,125
26,31,sơn,O,126,129
26,32,lại,O,130,133
26,33,xe,O,134,136
26,34,.,O,136,137
27,1,Công_an,B-ORGANIZATION,0,7
27,2,tỉnh,I-ORGANIZATION,8,12
27,3,Vĩnh_Long,I-ORGANIZATION,13,22
27,4,đã,O,23,25
27,5,khởi_tố,O,26,33
27,6,bị_can,O,34,40
27,7,",",O,40,41
27,8,bắt,O,42,45
27,9,tạm,O,46,49
27,10,giam,O,50,54
27,11,ông,O,55,58
27,12,Phạm_Văn_Cung,B-PERSON,59,72
27,13,",",O,72,73
27,14,nguyên,O,74,80
27,15,giám_đốc,O,81,89
27,16,Trung_tâm,B-ORGANIZATION,90,99
27,17,Cô,I-ORGANIZATION,100,102
27,18,nhi_viện,I-ORGANIZATION,103,111
27,19,Suối_nguồn,I-ORGANIZATION,112,122
27,20,tình_thương,I-ORGANIZATION,123,134
28,1,Tối_ngày,O,0,8
28,2,11,O,9,11
28,3,/,O,11,12
28,4,6,O,12,13
28,5,",",O,14,15
28,6,mạng,O,16,20
28,7,xã_hội,O,21,27
28,8,lan_truyền,O,28,38
28,9,một,O,39,42
28,10,video,O,43,48
28,11,tường_thuật,O,49,60
28,12,lại,O,61,64
28,13,2,O,65,66
28,14,nhóm,O,67,71
28,15,thanh_niên,O,72,82
28,16,đánh,O,83,87
28,17,nhau,O,88,92
28,18,",",O,93,94
28,19,ném,O,95,98
28,20,ghế,O,99,102
28,21,nhựa,O,103,107
28,22,và,O,108,110
28,23,có,O,111,113
28,24,hai,O,114,117
28,25,thanh_niên,O,118,128
28,26,mặc,O,129,132
28,27,áo,O,133,135
28,28,đen,O,136,139
28,29,cầm,O,140,143
28,30,gậy,O,144,147
28,31,đuổi,O,148,152
28,32,đánh,O,153,157
28,33,một,O,158,161
28,34,người,O,162,167
28,35,mặc,O,168,171
28,36,áo,O,172,174
28,37,trắng,O,175,180
28,38,.,O,181,182
29,1,Còn,O,0,3
29,2,nhớ,O,4,7
29,3,",",O,8,9
29,4,trong,O,10,15
29,5,màn_đối,O,16,23
29,6,giữa,O,24,28
29,7,Khánh_Nam,B-PERSON,29,38
29,8,và,O,39,41
29,9,Việt_Hương,B-PERSON,42,52
29,10,",",O,53,54
29,11,Hoài_Linh,B-PERSON,55,64
29,12,phải,O,65,69
29,13,thốt,O,70,74
29,14,lên,O,75,78
29,15,:,O,79,80
29,16,"""",O,81,82
29,17,Đây,O,83,86
29,18,là,O,87,89
29,19,thử_thách,O,90,99
29,20,quá,O,100,103
29,21,dễ,O,104,106
29,22,với,O,107,110
29,23,Khánh_Nam,B-PERSON,111,120
29,24,",",O,121,122
29,25,vì,O,123,125
29,26,nét,O,126,129
29,27,duyên,O,130,135
29,28,của,O,136,139
29,29,anh,O,140,143
29,30,có,O,144,146
29,31,rất,O,147,150
29,32,nhiều,O,151,156
29,33,",",O,157,158
29,34,ngay,O,159,163
29,35,cả,O,164,166
29,36,bạn,O,167,170
29,37,diễn,O,171,175
29,38,cứng,O,176,180
29,39,nghề,O,181,185
29,40,như,O,186,189
29,41,Việt_Hương,B-PERSON,190,200
29,42,mà,O,201,203
29,43,suýt_nữa,O,204,212
29,44,cũng,O,213,217
29,45,bị,O,218,220
29,46,"""",O,221,222
29,47,bật,O,223,226
29,48,"""",O,227,228
29,49,ra,O,229,231
29,50,khỏi,O,232,236
29,51,vai,O,237,240
29,52,diễn,O,241,245
29,53,rồi,O,246,249
29,54,"""",O,250,251
29,55,.,O,252,253
30,1,Kiểm_tra,O,0,8
30,2,trên,O,9,13
30,3,người,O,14,19
30,4,đối_tượng,O,20,29
30,5,",",O,29,30
30,6,cảnh_sát,O,31,39
30,7,thu_giữ,O,40,47
30,8,một,O,48,51
30,9,lắc,O,52,55
30,10,vàng,O,56,60
30,11,(,O,61,62
30,12,khoảng,O,62,68
30,13,4,O,69,70
30,14,chỉ,O,71,74
30,15,",",O,74,75
30,16,trị_giá,O,76,83
30,17,hơn,O,84,87
30,18,20,O,88,90
30,19,triệu,O,91,96
30,20,),O,96,97
30,21,mà,O,98,100
30,22,tên,O,101,104
30,23,này,O,105,108
30,24,vừa,O,109,112
30,25,cướp,O,113,117
30,26,trước,O,118,123
30,27,đó,O,124,126
30,28,tại,O,127,130
30,29,tiệm,O,131,135
30,30,vàng,O,136,140
30,31,Lan_Hương,O,141,150
30,32,(,O,151,152
30,33,số,B-LOCATION,152,154
30,34,230,I-LOCATION,155,158
30,35,",",O,158,159
30,36,đường,B-LOCATION,160,165
30,37,Lê_Hoàn,I-LOCATION,166,173
30,38,",",O,173,174
30,39,TP,B-LOCATION,175,177
30,40,Thanh_Hóa,I-LOCATION,178,187
30,41,),O,187,188
30,42,cùng,O,189,193
30,43,một,O,194,197
30,44,dao,O,198,201
30,45,nhọn,O,202,206
30,46,dùng,O,207,211
30,47,để,O,212,214
30,48,gây,O,215,218
30,49,án,O,219,221
30,50,.,O,221,222
31,1,Theo,O,0,4
31,2,dự_định,O,5,12
31,3,ban_đầu,O,13,20
31,4,của,O,21,24
31,5,Sự,B-PERSON,25,27
31,6,",",O,27,28
31,7,sau,O,29,32
31,8,khi,O,33,36
31,9,lo_hậu,O,37,43
31,10,sự,B-PERSON,44,46
31,11,xong,O,47,51
31,12,cho,O,52,55
31,13,con,O,56,59
31,14,trai,O,60,64
31,15,",",O,64,65
31,16,chị,O,66,69
31,17,ta,O,70,72
31,18,sẽ,O,73,75
31,19,cùng,O,76,80
31,20,con,O,81,84
31,21,gái,O,85,88
31,22,là,O,89,91
31,23,cháu,O,92,96
31,24,Nguyễn_Thanh_Thúy,B-PERSON,97,114
31,25,(,O,115,116
31,26,SN,O,116,118
31,27,2008,O,119,123
31,28,),O,123,124
31,29,tự_tử,O,125,130
31,30,chết,O,131,135
31,31,theo,O,136,140
31,32,để,O,141,143
31,33,ba,O,144,146
31,34,mẹ_con,O,147,153
31,35,được,O,154,158
31,36,ở,O,159,160
31,37,bên,O,161,164
31,38,nhau,O,165,169
31,39,.,O,169,170
32,1,Tâm,O,0,3
32,2,đồng_ý,O,4,10
32,3,giúp,O,11,15
32,4,vợ_chồng,O,16,24
32,5,anh,O,25,28
32,6,H,B-PERSON,29,30
32,7,.,O,30,31
33,1,Cuối,O,0,4
33,2,tháng,O,5,10
33,3,1,O,11,12
33,4,/,O,12,13
33,5,2018,O,13,17
33,6,",",O,17,18
33,7,Công_an,B-ORGANIZATION,19,26
33,8,TP,I-ORGANIZATION,27,29
33,9,.,I-ORGANIZATION,29,30
33,10,HCM,I-ORGANIZATION,30,33
33,11,đã,O,34,36
33,12,có,O,37,39
33,13,quyết_định,O,40,50
33,14,phục_hồi,O,51,59
33,15,điều_tra,O,60,68
33,16,vụ,O,69,71
33,17,án,O,72,74
33,18,.,O,74,75
34,1,Vụ_việc,O,0,7
34,2,đang,O,8,12
34,3,được,O,13,17
34,4,công_an,B-ORGANIZATION,18,25
34,5,TT,I-ORGANIZATION,26,28
34,6,-,I-ORGANIZATION,28,29
34,7,Huế,I-ORGANIZATION,29,32
34,8,và,O,33,35
34,9,Bình_Phước,B-LOCATION,36,46
34,10,phối_hợp,O,47,55
34,11,điều_tra,O,56,64
34,12,",",O,64,65
34,13,làm,O,66,69
34,14,rõ,O,70,72
34,15,.,O,72,73
35,1,Cáo_trạng,O,0,9
35,2,xác_định,O,10,18
35,3,",",O,18,19
35,4,Võ_Mạnh_Cường,B-PERSON,20,33
35,5,trực_tiếp,O,34,43
35,6,thỏa_thuận,O,44,54
35,7,bán,O,55,58
35,8,4,O,59,60
35,9,/,O,60,61
35,10,7,O,61,62
35,11,thuốc,O,63,68
35,12,cho,O,69,72
35,13,Công_ty,B-ORGANIZATION,73,80
35,14,VNPharma,I-ORGANIZATION,81,89
35,15,",",O,89,90
35,16,thông_qua,O,91,100
35,17,15,O,101,103
35,18,hợp_đồng,O,104,112
35,19,",",O,112,113
35,20,với,O,114,117
35,21,tổng,O,118,122
35,22,số_lượng,O,123,131
35,23,là,O,132,134
35,24,838,O,135,138
35,25,.,O,138,139
35,26,100_hộp,O,139,146
35,27,",",O,146,147
35,28,trị_giá,O,148,155
35,29,hơn,O,156,159
35,30,54,O,160,162
35,31,tỷ,O,163,165
35,32,đồng,O,166,170
35,33,.,O,170,171
36,1,Dự_án,O,0,5
36,2,này,O,6,9
36,3,sẽ,O,10,12
36,4,được,O,13,17
36,5,thực_hiện,O,18,27
36,6,càng,O,28,32
36,7,sớm,O,33,36
36,8,càng,O,37,41
36,9,tốt,O,42,45
36,10,để,O,46,48
36,11,đáp_ứng,O,49,56
36,12,nhu_cầu,O,57,64
36,13,sử_dụng,O,65,72
36,14,trong,O,73,78
36,15,thời_gian,O,79,88
36,16,tới,O,89,92
36,17,.,O,93,94
37,1,Theo,O,0,4
37,2,một,O,5,8
37,3,nguồn_tin,O,9,18
37,4,",",O,19,20
37,5,các,O,21,24
37,6,đơn_vị,O,25,31
37,7,nghiệp_vụ,O,32,41
37,8,của,O,42,45
37,9,Công_an,B-ORGANIZATION,46,53
37,10,TP,O,54,56
37,11,.,O,56,57
38,1,Tuy_nhiên,O,0,9
38,2,",",O,9,10
38,3,VKSND,B-ORGANIZATION,11,16
38,4,Tối_cao,I-ORGANIZATION,17,24
38,5,cho,O,25,28
38,6,rằng,O,29,33
38,7,",",O,33,34
38,8,căn_cứ,O,35,41
38,9,vào,O,42,45
38,10,lời,O,46,49
38,11,khai,O,50,54
38,12,của,O,55,58
38,13,các,O,59,62
38,14,bị_cáo,O,63,69
38,15,Phan_Quốc_Việt,B-PERSON,70,84
38,16,",",O,84,85
38,17,Trịnh_Thanh_Hùng,B-PERSON,86,102
38,18,",",O,102,103
38,19,Vũ_Đình_Hiệp,B-PERSON,104,116
38,20,(,O,117,118
38,21,Phó,O,118,121
38,22,TGĐ,O,122,125
38,23,Việt_Á,B-ORGANIZATION,126,132
38,24,),O,132,133
38,25,và,O,134,136
38,26,dữ_liệu,O,137,144
38,27,điện_tử,O,145,152
38,28,",",O,152,153
38,29,sao,O,154,157
38,30,kê,O,158,160
38,31,tài_khoản,O,161,170
38,32,ngân_hàng,O,171,180
38,33,của,O,181,184
38,34,Việt,O,185,189
38,35,",",O,189,190
38,36,kết_quả,O,191,198
38,37,thực_nghiệm,O,199,210
38,38,điều_tra,O,211,219
38,39,và,O,220,222
38,40,các,O,223,226
38,41,tài_liệu,O,227,235
38,42,chứng_cứ,O,236,244
38,43,khác,O,245,249
38,44,thấy,O,250,254
38,45,đủ,O,255,257
38,46,cơ_sở,O,258,263
38,47,xác_định,O,264,272
38,48,",",O,272,273
38,49,ông,O,274,277
38,50,Phạm_Công_Tạc,B-PERSON,278,291
38,51,nhận,O,292,296
38,52,của,O,297,300
38,53,Phan_Quốc_Việt,B-PERSON,301,315
38,54,50,O,316,318
38,55,.,O,318,319
38,56,000,O,319,322
38,57,USD,O,323,326
38,58,.,O,326,327
39,1,Thực_hiện,O,0,9
39,2,ý_định,O,10,16
39,3,",",O,16,17
39,4,trưa,O,18,22
39,5,ngày,O,23,27
39,6,14,O,28,30
39,7,/,O,30,31
39,8,12,O,31,33
39,9,/,O,33,34
39,10,2015,O,34,38
39,11,",",O,38,39
39,12,sau,O,40,43
39,13,khi,O,44,47
39,14,ăn,O,48,50
39,15,cơm,O,51,54
39,16,xong,O,55,59
39,17,",",O,59,60
39,18,Sự,B-PERSON,61,63
39,19,lấy,O,64,67
39,20,2,O,68,69
39,21,viên,O,70,74
39,22,thuốc,O,75,80
39,23,ngủ,O,81,84
39,24,đã,O,85,87
39,25,chuẩn_bị,O,88,96
39,26,từ,O,97,99
39,27,trước,O,100,105
39,28,đưa,O,106,109
39,29,cho,O,110,113
39,30,cháu,O,114,118
39,31,Thắng,B-PERSON,119,124
39,32,uống,O,125,129
39,33,và,O,130,132
39,34,nằm,O,133,136
39,35,ngủ,O,137,140
39,36,cùng,O,141,145
39,37,con,O,146,149
39,38,trai,O,150,154
39,39,.,O,154,155
40,1,Sau,O,0,3
40,2,đó,O,4,6
40,3,",",O,6,7
40,4,Cự,B-PERSON,8,10
40,5,phản_cung,O,11,20
40,6,cho,O,21,24
40,7,rằng,O,25,29
40,8,do,O,30,32
40,9,sức,O,33,36
40,10,khỏe,O,37,41
40,11,không,O,42,47
40,12,đảm_bảo,O,48,55
40,13,nên,O,56,59
40,14,đã,O,60,62
40,15,khai,O,63,67
40,16,không,O,68,73
40,17,đúng,O,74,78
40,18,.,O,78,79
41,1,HCM,B-PERSON,0,3
41,2,),O,4,5
41,3,.,O,6,7
42,1,Những,O,0,5
42,2,bộ,O,6,8
42,3,bàn_ghế,O,9,16
42,4,đã,O,17,19
42,5,cũ,O,20,22
42,6,.,O,23,24
43,1,30,O,0,2
43,2,triệu,O,3,8
43,3,đồng,O,9,13
43,4,để,O,14,16
43,5,gửi,O,17,20
43,6,về,O,21,23
43,7,cho,O,24,27
43,8,gia_đình,O,28,36
43,9,.,O,37,38
44,1,Sư_thầy,O,0,7
44,2,Thích,B-PERSON,8,13
44,3,Thanh,I-PERSON,14,19
44,4,Vịnh,I-PERSON,20,24
44,5,vui,O,25,28
44,6,vẻ,O,29,31
44,7,dẫn,O,32,35
44,8,phóng_viên,O,36,46
44,9,thăm,O,47,51
44,10,quan_khuôn_viên,O,52,67
44,11,rợp,O,68,71
44,12,bóng,O,72,76
44,13,cây_xanh,O,77,85
44,14,của,O,86,89
44,15,chùa,O,90,94
44,16,.,O,95,96
45,1,Thanh_Lê,B-PERSON,0,8
45,2,-,O,9,10
45,3,Giữa,O,11,15
45,4,trưa,O,16,20
45,5,",",O,20,21
45,6,tên,O,22,25
45,7,cướp,O,26,30
45,8,một_mình,O,31,39
45,9,đi,O,40,42
45,10,xe_máy,O,43,49
45,11,đến,O,50,53
45,12,hiệu,O,54,58
45,13,vàng_vờ,O,59,66
45,14,hỏi,O,67,70
45,15,mua,O,71,74
45,16,hàng,O,75,79
45,17,sau,O,80,83
45,18,đó,O,84,86
45,19,giật,O,87,91
45,20,nữ_trang,O,92,100
45,21,trên,O,101,105
45,22,tay,O,106,109
45,23,nhân_viên,O,110,119
45,24,rồi,O,120,123
45,25,bỏ,O,124,126
45,26,chạy,O,127,131
45,27,.,O,131,132
46,1,Nghĩ,O,0,4
46,2,như_thế,O,5,12
46,3,nên,O,13,16
46,4,tôi,O,17,20
46,5,không_bao_giờ,O,21,34
46,6,hối_tiếc,O,35,43
46,7,hào_quang,O,44,53
46,8,của,O,54,57
46,9,quá_khứ,O,58,65
46,10,.,O,66,67
47,1,Clint_Bondad,B-PERSON,0,12
47,2,từng,O,13,17
47,3,dành,O,18,22
47,4,những,O,23,28
47,5,lời,O,29,32
47,6,ngọt_ngào,O,33,42
47,7,cho,O,43,46
47,8,cô,O,47,49
47,9,bạn,O,50,53
47,10,gái,O,54,57
47,11,Hoa_hậu,O,58,65
47,12,.,O,66,67
48,1,Bộ_trưởng,O,0,9
48,2,Công,O,10,14
48,3,an,O,15,17
48,4,Tô,B-PERSON,18,20
48,5,Lâm,I-PERSON,21,24
48,6,vừa,O,25,28
48,7,ban_hành,O,29,37
48,8,Công_điện,O,38,47
48,9,gửi,O,48,51
48,10,các,O,52,55
48,11,tổng_cục,O,56,64
48,12,",",O,65,66
48,13,bộ_Tư_lệnh,O,67,77
48,14,",",O,78,79
48,15,đơn_vị,O,80,86
48,16,trực_thuộc,O,87,97
48,17,Bộ,O,98,100
48,18,;,O,101,102
48,19,các,O,103,106
48,20,học_viện,O,107,115
48,21,",",O,116,117
48,22,trường,O,118,124
48,23,Công_an_nhân_dân,B-ORGANIZATION,125,141
48,24,;,O,142,143
48,25,Công_an,O,144,151
48,26,",",O,152,153
48,27,Cảnh_sát,O,154,162
48,28,phòng,O,163,168
48,29,cháy,O,169,173
48,30,",",O,174,175
48,31,chữa_cháy,O,176,185
48,32,các,O,186,189
48,33,tỉnh,O,190,194
48,34,",",O,195,196
48,35,thành_phố,O,197,206
48,36,trực_thuộc_Trung_ương,O,207,228
48,37,về,O,229,231
48,38,việc,O,232,236
48,39,tăng_cường,O,237,247
48,40,đấu_tranh,O,248,257
48,41,",",O,258,259
48,42,xử_lý,O,260,265
48,43,với,O,266,269
48,44,hoạt_động,O,270,279
48,45,mua_bán,O,280,287
48,46,",",O,288,289
48,47,sử_dụng,O,290,297
48,48,trái_phép,O,298,307
48,49,quân_trang,O,308,318
48,50,",",O,319,320
48,51,quân_dụng,O,321,330
48,52,",",O,331,332
48,53,công_cụ,O,333,340
48,54,hỗ_trợ,O,341,347
48,55,ngành,O,348,353
48,56,Công_an,O,354,361
48,57,.,O,362,363
49,1,Dự_kiến,O,0,7
49,2,ngày,O,8,12
49,3,30,O,13,15
49,4,/,O,15,16
49,5,5,O,16,17
49,6,tới,O,18,21
49,7,đây,O,22,25
49,8,",",O,25,26
49,9,TAND,B-ORGANIZATION,27,31
49,10,quận,I-ORGANIZATION,32,36
49,11,Tân_Phú,I-ORGANIZATION,37,44
49,12,(,O,45,46
49,13,TPHCM,B-LOCATION,46,51
49,14,),O,51,52
49,15,sẽ,O,53,55
49,16,mở,O,56,58
49,17,phiên,O,59,64
49,18,xét_xử,O,65,71
49,19,sơ_thẩm,O,72,79
49,20,lần,O,80,83
49,21,2,O,84,85
49,22,đối_với,O,86,93
49,23,bị_cáo,O,94,100
49,24,Lương_Đức_Thắng,B-PERSON,101,116
49,25,(,O,117,118
49,26,39,O,118,120
49,27,tuổi,O,121,125
49,28,",",O,125,126
49,29,ngụ,O,127,130
49,30,quận,O,131,135
49,31,Tân_Phú,O,136,143
49,32,),O,143,144
49,33,về,O,145,147
49,34,tội,O,148,151
49,35,”,O,152,153
49,36,Hành_hạ,O,153,160
49,37,người,O,161,166
49,38,khác,O,167,171
49,39,”,O,171,172
49,40,.,O,172,173
50,1,"""",O,0,1
50,2,Diva_sàn_diễn,O,2,15
50,3,"""",O,16,17
50,4,có,O,18,20
50,5,tất_cả,O,21,27
50,6,những,O,28,33
50,7,gì,O,34,36
50,8,cần_thiết,O,37,46
50,9,để,O,47,49
50,10,trở_thành,O,50,59
50,11,hình_ảnh,O,60,68
50,12,thương_hiệu,O,69,80
50,13,Miss_Supranational,O,81,99
50,14,"""",O,100,101
50,15,.,O,102,103
51,1,Công_khai,O,0,9
51,2,",",O,9,10
51,3,đã,O,11,13
51,4,lên,O,14,17
51,5,kế_hoạch,O,18,26
51,6,vụ,O,27,29
51,7,trộm,O,30,34
51,8,từ,O,35,37
51,9,trước,O,38,43
51,10,vì,O,44,46
51,11,biết,O,47,51
51,12,cửa_hàng,O,52,60
51,13,FPT_Shop,B-ORGANIZATION,61,69
51,14,có,O,70,72
51,15,chứa,O,73,77
51,16,tiền_mặt,O,78,86
51,17,.,O,86,87
52,1,Sau,O,0,3
52,2,mối,O,4,7
52,3,quan_hệ_bất_chính,O,8,25
52,4,của,O,26,29
52,5,vợ,O,30,32
52,6,ông,O,33,36
52,7,B,B-PERSON,37,38
52,8,.,O,38,39
53,1,“,O,0,1
53,2,Bị_cáo,O,1,7
53,3,biết,O,8,12
53,4,nhận,O,13,17
53,5,tiền,O,18,22
53,6,của,O,23,26
53,7,doanh_nghiệp,O,27,39
53,8,là,O,40,42
53,9,sai,O,43,46
53,10,nên,O,47,50
53,11,định,O,51,55
53,12,cầm,O,56,59
53,13,số,O,60,62
53,14,tiền,O,63,67
53,15,cất,O,68,71
53,16,vào,O,72,75
53,17,vali,O,76,80
53,18,",",O,80,81
53,19,khi,O,82,85
53,20,đi,O,86,88
53,21,công_tác,O,89,97
53,22,có,O,98,100
53,23,cơ_hội,O,101,107
53,24,sẽ,O,108,110
53,25,trả,O,111,114
53,26,lại,O,115,118
53,27,.,O,118,119
54,1,"""",O,0,1
54,2,Em,O,2,4
54,3,giống,O,5,10
54,4,như,O,11,14
54,5,một,O,15,18
54,6,điều,O,19,23
54,7,thiêng_liêng,O,24,36
54,8,không_thể,O,37,46
54,9,chạm,O,47,51
54,10,vào,O,52,55
54,11,được,O,56,60
54,12,.,O,61,62
55,1,"""",O,0,1
55,2,Theo,O,2,6
55,3,ước_tính,O,7,15
55,4,",",O,16,17
55,5,hiện_tại_lượng,O,18,32
55,6,rác_thải,O,33,41
55,7,nhựa,O,42,46
55,8,trên,O,47,51
55,9,biển,O,52,56
55,10,vào_khoảng,O,57,67
55,11,140,O,68,71
55,12,triệu,O,72,77
55,13,tấn,O,78,81
55,14,/,O,82,83
55,15,năm,O,84,87
55,16,",",O,88,89
55,17,mỗi,O,90,93
55,18,năm,O,94,97
55,19,tăng,O,98,102
55,20,thêm,O,103,107
55,21,10,O,108,110
55,22,triệu,O,111,116
55,23,tấn,O,117,120
55,24,.,O,121,122
56,1,Sau,O,0,3
56,2,đó,O,4,6
56,3,",",O,6,7
56,4,Linh,B-PERSON,8,12
56,5,chiếm_đoạt,O,13,23
56,6,chiếc,O,24,29
56,7,điện,O,30,34
56,8,của,O,35,38
56,9,chị,O,39,42
56,10,Thu,B-PERSON,43,46
56,11,mang,O,47,51
56,12,về,O,52,54
56,13,cất_giấu,O,55,63
56,14,ở,O,64,65
56,15,tủ,O,66,68
56,16,nhà,O,69,72
56,17,mình,O,73,77
56,18,.,O,77,78
57,1,Ham,O,0,3
57,2,trúng,O,4,9
57,3,số,O,10,12
57,4,",",O,12,13
57,5,có,O,14,16
57,6,nạn_nhân,O,17,25
57,7,đã,O,26,28
57,8,sẵn_sàng,O,29,37
57,9,chuyển_khoản,O,38,50
57,10,300,O,51,54
57,11,triệu,O,55,60
57,12,đồng,O,61,65
58,1,Chồng,O,0,5
58,2,cô,O,6,8
58,3,-,O,9,10
58,4,Hứa_Tấn_Hanh,B-PERSON,11,23
58,5,-,O,24,25
58,6,là,O,26,28
58,7,một,O,29,32
58,8,thương_gia,O,33,43
58,9,giàu_có,O,44,51
58,10,",",O,52,53
58,11,gia_cảnh,O,54,62
58,12,bề_thế,O,63,69
58,13,tại,O,70,73
58,14,Hong_Kong,B-LOCATION,74,83
58,15,",",O,84,85
58,16,từng,O,86,90
58,17,hẹn_hò,O,91,97
58,18,với,O,98,101
58,19,Lưu_Gia_Linh,B-PERSON,102,114
58,20,năm,O,115,118
58,21,1986,O,119,123
58,22,và,O,124,126
58,23,trải,O,127,131
58,24,qua,O,132,135
58,25,một,O,136,139
58,26,đời,O,140,143
58,27,vợ,O,144,146
58,28,trước,O,147,152
58,29,khi,O,153,156
58,30,nên,O,157,160
58,31,duyên,O,161,166
58,32,với,O,167,170
58,33,Lý_Gia_Hân,B-PERSON,171,181
58,34,.,O,182,183
59,1,Trong,O,0,5
59,2,quá_trình,O,6,15
59,3,sáng_tác,O,16,24
59,4,",",O,25,26
59,5,khó_khăn,O,27,35
59,6,lớn,O,36,39
59,7,nhất,O,40,44
59,8,đối_với,O,45,52
59,9,Công_Nam,B-PERSON,53,61
59,10,là,O,62,64
59,11,gì,O,65,67
59,12,?,O,68,69
60,1,Về,O,0,2
60,2,thời_gian,O,3,12
60,3,",",O,13,14
60,4,hiện_thời,O,15,24
60,5,chúng_tôi,O,25,34
60,6,có,O,35,37
60,7,kế_hoạch,O,38,46
60,8,sẽ,O,47,49
60,9,thực_hiện,O,50,59
60,10,chương_trình,O,60,72
60,11,ấy,O,73,75
60,12,một_cách_sâu_rộng,O,76,93
60,13,trong,O,94,99
60,14,mùa,O,100,103
60,15,an_cư,O,104,109
60,16,năm,O,110,113
60,17,nay,O,114,117
60,18,",",O,118,119
60,19,tức,O,120,123
60,20,vào_khoảng,O,124,134
60,21,tháng,O,135,140
60,22,tư,O,141,143
60,23,-,O,144,145
60,24,tháng,O,146,151
60,25,năm_âm_lịch,O,152,163
60,26,.,O,164,165
61,1,Thời_gian,O,0,9
61,2,gần,O,10,13
61,3,đây,O,14,17
61,4,",",O,18,19
61,5,Hiếu,B-PERSON,20,24
61,6,thấy,O,25,29
61,7,trên,O,30,34
61,8,tài_khoản,O,35,44
61,9,Zalo,O,45,49
61,10,của,O,50,53
61,11,nạn_nhân,O,54,62
61,12,chụp,O,63,67
61,13,hình_thân_mật,O,68,81
61,14,với,O,82,85
61,15,người,O,86,91
61,16,khác,O,92,96
61,17,.,O,97,98
62,1,Đến,O,0,3
62,2,lúc,O,4,7
62,3,này,O,8,11
62,4,",",O,11,12
62,5,cơ_quan,O,13,20
62,6,điều_tra,O,21,29
62,7,xác_định,O,30,38
62,8,Tiến,B-PERSON,39,43
62,9,chính,O,44,49
62,10,nghi_can,O,50,58
62,11,số_một,O,59,65
62,12,liên_quan,O,66,75
62,13,đến,O,76,79
62,14,vụ,O,80,82
62,15,án_mạng,O,83,90
62,16,khuya,O,91,96
62,17,ngày,O,97,101
62,18,21,O,102,104
62,19,/,O,104,105
62,20,1,O,105,106
62,21,.,O,106,107
63,1,Trước,O,0,5
63,2,đó,O,6,8
63,3,",",O,8,9
63,4,anh,O,10,13
63,5,Lò_Văn_Lợi,B-PERSON,14,24
63,6,nhờ,O,25,28
63,7,Linh,B-PERSON,29,33
63,8,xin,O,34,37
63,9,việc,O,38,42
63,10,cho,O,43,46
63,11,bạn,O,47,50
63,12,gái,O,51,54
63,13,mình,O,55,59
63,14,là,O,60,62
63,15,chị,O,63,66
63,16,Siu_H,B-PERSON,67,72
63,17,’,I-PERSON,72,73
63,18,Thu,I-PERSON,74,77
63,19,(,O,78,79
63,20,SN,O,79,81
63,21,1995,O,82,86
63,22,",",O,86,87
63,23,quê,O,88,91
63,24,Gia_Lai,B-LOCATION,92,99
63,25,),O,99,100
63,26,.,O,100,101
64,1,Trang,O,0,5
64,2,dùng,O,6,10
64,3,tay,O,11,14
64,4,đánh,O,15,19
64,5,mạnh,O,20,24
64,6,vào,O,25,28
64,7,gáy,O,29,32
64,8,chị,O,33,36
64,9,Hoàn,B-PERSON,37,41
64,10,rồi,O,42,45
64,11,dùng,O,46,50
64,12,khăn,O,51,55
64,13,tắm,O,56,59
64,14,quấn,O,60,64
64,15,đè,O,65,67
64,16,lên,O,68,71
64,17,mặt,O,72,75
64,18,cho,O,76,79
64,19,đến,O,80,83
64,20,khi,O,84,87
64,21,nạn_nhân,O,88,96
64,22,tắt_thở,O,97,104
64,23,.,O,104,105
65,1,Việc,O,0,4
65,2,kê_biên,O,5,12
65,3,từng,O,13,17
65,4,hoãn,O,18,22
65,5,nhiều,O,23,28
65,6,lần,O,29,32
65,7,cũng,O,33,37
65,8,từ,O,38,40
65,9,đề_nghị,O,41,48
65,10,của,O,49,52
65,11,Ngân,O,53,57
65,12,hàng,O,58,62
65,13,Agribank,B-ORGANIZATION,63,71
65,14,Bình,I-ORGANIZATION,72,76
65,15,Chánh,I-ORGANIZATION,77,82
65,16,.,O,83,84
66,1,Nức_nở,O,0,6
66,2,suốt,O,7,11
66,3,phiên,O,12,17
66,4,xét_xử,O,18,24
66,5,",",O,24,25
66,6,được,O,26,30
66,7,nói,O,31,34
66,8,lời,O,35,38
66,9,sau_cùng,O,39,47
66,10,",",O,47,48
66,11,bị_cáo,O,49,55
66,12,cho_hay,O,56,63
66,13,",",O,63,64
66,14,thời_gian,O,65,74
66,15,tạm,O,75,78
66,16,giam,O,79,83
66,17,đã,O,84,86
66,18,giúp,O,87,91
66,19,bị_cáo,O,92,98
66,20,nhận,O,99,103
66,21,ra,O,104,106
66,22,mình,O,107,111
66,23,quá,O,112,115
66,24,sai_lầm,O,116,123
66,25,.,O,123,124
67,1,Dấu_tích,O,0,8
67,2,trận,O,9,13
67,3,mưa_đá,O,14,20
67,4,sau,O,21,24
67,5,nổ_mìn,O,25,31
67,6,còn,O,32,35
67,7,khắp,O,36,40
67,8,nhà,O,41,44
67,9,dân,O,45,48
67,10,-,O,49,50
67,11,Ảnh,O,51,54
67,12,:,O,55,56
67,13,TRẦN_MAI,B-PERSON,57,65
67,14,.,O,66,67
68,1,Em,O,0,2
68,2,là,O,3,5
68,3,một,O,6,9
68,4,người,O,10,15
68,5,đặc_biệt,O,16,24
68,6,giáng,O,25,30
68,7,xuống,O,31,36
68,8,trần_thế,O,37,45
68,9,để,O,46,48
68,10,thay_đổi,O,49,57
68,11,thế_giới,O,58,66
68,12,.,O,67,68
69,1,Theo,O,0,4
69,2,lời,O,5,8
69,3,khai,O,9,13
69,4,của,O,14,17
69,5,bị_cáo,O,18,24
69,6,Chu_Ngọc_Anh,B-PERSON,25,37
69,7,",",O,37,38
69,8,vào_khoảng,O,39,49
69,9,tháng,O,50,55
69,10,8,O,56,57
69,11,/,O,57,58
69,12,2020,O,58,62
69,13,",",O,62,63
69,14,bị_cáo,O,64,70
69,15,Việt,B-PERSON,71,75
69,16,có,O,76,78
69,17,nhắn_tin,O,79,87
69,18,xin,O,88,91
69,19,gặp,O,92,95
69,20,để,O,96,98
69,21,báo_cáo,O,99,106
69,22,về,O,107,109
69,23,kết_quả,O,110,117
69,24,chống,O,118,123
69,25,dịch,O,124,128
69,26,và,O,129,131
69,27,đưa,O,132,135
69,28,túi,O,136,139
69,29,quà,O,140,143
69,30,.,O,143,144
70,1,Anh,B-PERSON,0,3
70,2,Quỳnh,I-PERSON,4,9
70,3,là,O,10,12
70,4,một,O,13,16
70,5,người,O,17,22
70,6,Nam,O,23,26
70,7,luôn,O,27,31
70,8,hâm_mộ,O,32,38
70,9,và,O,39,41
70,10,cảm_thấy_may_mắn,O,42,58
70,11,khi,O,59,62
70,12,được,O,63,67
70,13,ở,O,68,69
70,14,chung_đội,O,70,79
70,15,với,O,80,83
70,16,anh,O,84,87
70,17,.,O,88,89
71,1,và,O,0,2
71,2,Trịnh_Văn_Đông,B-PERSON,3,17
71,3,là,O,18,20
71,4,anh_em_ruột,O,21,32
71,5,trong,O,33,38
71,6,một,O,39,42
71,7,gia_đình,O,43,51
71,8,.,O,52,53
72,1,Khi,O,0,3
72,2,bà,O,4,6
72,3,Đ,B-PERSON,7,8
72,4,đến_nơi,O,9,16
72,5,",",O,16,17
72,6,John,B-PERSON,18,22
72,7,không,O,23,28
72,8,xuất_hiện,O,29,38
72,9,",",O,38,39
72,10,mà,O,40,42
72,11,tiếp,O,43,47
72,12,bà,O,48,50
72,13,là,O,51,53
72,14,một,O,54,57
72,15,người,O,58,63
72,16,đàn_ông,O,64,71
72,17,da,O,72,74
72,18,đen,O,75,78
72,19,",",O,78,79
72,20,không,O,80,85
72,21,rõ,O,86,88
72,22,tên_tuổi,O,89,97
72,23,",",O,97,98
72,24,lai_lịch,O,99,107
72,25,.,O,107,108
73,1,Anh,O,0,3
73,2,được,O,4,8
73,3,trao,O,9,13
73,4,bằng,O,14,18
73,5,khen,O,19,23
73,6,vì,O,24,26
73,7,đã,O,27,29
73,8,có,O,30,32
73,9,nhiều,O,33,38
73,10,hoạt_động,O,39,48
73,11,xuất_sắc,O,49,57
73,12,trong,O,58,63
73,13,sự_nghiệp,O,64,73
73,14,bảo_tồn,O,74,81
73,15,văn_hoá,O,82,89
73,16,Việt_Nam,B-LOCATION,90,98
73,17,.,O,99,100
74,1,Cụ_thể,O,0,6
74,2,",",O,7,8
74,3,lắp_đặt,O,9,16
74,4,các,O,17,20
74,5,camera,O,21,27
74,6,ở,O,28,29
74,7,các,O,30,33
74,8,giao_lộ_kết_nối,O,34,49
74,9,với,O,50,53
74,10,hệ_thống,O,54,62
74,11,công_nghệ,O,63,72
74,12,để,O,73,75
74,13,tự,O,76,78
74,14,phát_hiện,O,79,88
74,15,",",O,89,90
74,16,xác_định,O,91,99
74,17,các,O,100,103
74,18,lỗi_vi_phạm,O,104,115
74,19,",",O,116,117
74,20,sau,O,118,121
74,21,đó,O,122,124
74,22,sẽ,O,125,127
74,23,lên,O,128,131
74,24,danh_sách,O,132,141
74,25,các,O,142,145
74,26,phương_tiện_vi_phạm,O,146,165
74,27,với,O,166,169
74,28,những,O,170,175
74,29,thông_tin,O,176,185
74,30,cụ_thể,O,186,192
74,31,.,O,193,194
75,1,Theo,O,0,4
75,2,Appledaily,B-ORGANIZATION,5,15
75,3,",",O,16,17
75,4,Lý_Gia_Hân,B-PERSON,18,28
75,5,đã,O,29,31
75,6,tiến_hành,O,32,41
75,7,ghi_hình,O,42,50
75,8,tại,O,51,54
75,9,phim,O,55,59
75,10,trường,O,60,66
75,11,Hoành,B-LOCATION,67,72
75,12,Điếm,I-LOCATION,73,77
75,13,(,O,78,79
75,14,Chiết_Giang,B-LOCATION,80,91
75,15,),O,92,93
75,16,từ,O,94,96
75,17,hôm,O,97,100
75,18,13,O,101,103
75,19,/,O,103,104
75,20,9,O,104,105
75,21,.,O,106,107
76,1,Hiện_tại,O,0,8
76,2,",",O,9,10
76,3,hồ,B-LOCATION,11,13
76,4,nước,I-LOCATION,14,18
76,5,Dương_Đông,I-LOCATION,19,29
76,6,chỉ,O,30,33
76,7,có_thể,O,34,40
76,8,cung_cấp,O,41,49
76,9,được,O,50,54
76,10,mỗi,O,55,58
76,11,ngày,O,59,63
76,12,khoảng,O,64,70
76,13,20,O,71,73
76,14,.,O,73,74
76,15,000,O,74,77
76,16,m3,O,78,80
76,17,nước,O,81,85
76,18,.,O,86,87
77,1,và,O,0,2
77,2,vợ,O,3,5
77,3,ông,O,6,9
77,4,B,B-PERSON,10,11
77,5,.,O,12,13
77,6,.,O,13,14
78,1,để,O,0,2
78,2,lại,O,3,6
78,3,trong,O,7,12
78,4,nhóm,O,13,17
78,5,tìm,O,18,21
78,6,người,O,22,27
78,7,mang,O,28,32
78,8,thai,O,33,37
78,9,hộ,O,38,40
78,10,nên,O,41,44
78,11,đã,O,45,47
78,12,chủ_động,O,48,56
78,13,liên_hệ,O,57,64
78,14,.,O,64,65
79,1,Vụ_việc,O,0,7
79,2,được,O,8,12
79,3,trình_báo,O,13,22
79,4,công_an,O,23,30
79,5,.,O,30,31
80,1,Công_an,B-ORGANIZATION,0,7
80,2,quận,I-ORGANIZATION,8,12
80,3,Đống,I-ORGANIZATION,13,17
80,4,Đa,I-ORGANIZATION,18,20
80,5,tiếp,O,21,25
80,6,tục,O,26,29
80,7,tung,O,30,34
80,8,lực_lượng,O,35,44
80,9,truy,O,45,49
80,10,bắt,O,50,53
80,11,những,O,54,59
80,12,người,O,60,65
80,13,liên_quan,O,66,75
80,14,khác,O,76,80
80,15,để,O,81,83
80,16,xử_lý,O,84,89
80,17,.,O,90,91
81,1,Tại,O,0,3
81,2,phòng,O,4,9
81,3,trọ,O,10,13
81,4,",",O,14,15
81,5,nạn_nhân,O,16,24
81,6,nói,O,25,28
81,7,rằng,O,29,33
81,8,đây,O,34,37
81,9,là,O,38,40
81,10,lần,O,41,44
81,11,cuối,O,45,49
81,12,hai,O,50,53
81,13,người,O,54,59
81,14,gặp,O,60,63
81,15,nhau,O,64,68
81,16,nhưng,O,69,74
81,17,Hiếu,B-PERSON,75,79
81,18,không,O,80,85
81,19,đồng_ý,O,86,92
81,20,.,O,93,94
82,1,Lúc,O,0,3
82,2,này,O,4,7
82,3,",",O,7,8
82,4,y,O,9,10
82,5,đã,O,11,13
82,6,bị,O,14,16
82,7,Công_an,B-ORGANIZATION,17,24
82,8,TP,I-ORGANIZATION,25,27
82,9,Đồng_Xoài,I-ORGANIZATION,28,37
82,10,(,O,38,39
82,11,tỉnh,B-LOCATION,39,43
82,12,Bình_Phước,I-LOCATION,44,54
82,13,),O,54,55
82,14,khởi_tố,O,56,63
82,15,và,O,64,66
82,16,bắt,O,67,70
82,17,tạm,O,71,74
82,18,giam,O,75,79
82,19,về,O,80,82
82,20,hành_vi,O,83,90
82,21,lừa_đảo,O,91,98
82,22,chiếm_đoạt,O,99,109
82,23,tài_sản,O,110,117
82,24,(,O,118,119
82,25,Thông,B-PERSON,120,125
82,26,đã,O,126,128
82,27,giả_danh,O,129,137
82,28,Thanh_tra,B-ORGANIZATION,138,147
82,29,Ngân_hàng,I-ORGANIZATION,148,157
82,30,Nhà_nước,I-ORGANIZATION,158,166
82,31,Việt_Nam,I-ORGANIZATION,167,175
82,32,để,O,176,178
82,33,lừa_đảo,O,179,186
82,34,chiếm_đoạt,O,187,197
82,35,số,O,198,200
82,36,tiền,O,201,205
82,37,50,O,206,208
82,38,triệu,O,209,214
82,39,đồng,O,215,219
82,40,của,O,220,223
82,41,Giám_đốc,O,224,232
82,42,ngân_hàng,O,233,242
82,43,Nhà_nước,O,243,251
82,44,tỉnh,B-LOCATION,252,256
82,45,Bình_Phước,I-LOCATION,257,267
82,46,),O,267,268
82,47,.,O,268,269
83,1,Theo,O,0,4
83,2,đó,O,5,7
83,3,",",O,7,8
83,4,trưa,O,9,13
83,5,4,O,14,15
83,6,/,O,15,16
83,7,12,O,16,18
83,8,khi,O,19,22
83,9,tuần_tra,O,23,31
83,10,địa_bàn,O,32,39
83,11,",",O,39,40
83,12,tổ,O,41,43
83,13,trinh_sát,O,44,53
83,14,hình_sự,O,54,61
83,15,đặc_nhiệm,O,62,71
83,16,công_an,B-ORGANIZATION,72,79
83,17,Q,I-ORGANIZATION,80,81
83,18,.,I-ORGANIZATION,81,82
83,19,Phú_Nhuận,I-ORGANIZATION,82,91
83,20,phát_hiện,O,92,101
83,21,2,O,102,103
83,22,tên,O,104,107
83,23,Anh,B-PERSON,108,111
83,24,và,O,112,114
83,25,Cường,B-PERSON,115,120
83,26,điều_khiển,O,121,131
83,27,xe_gắn_máy,O,132,142
83,28,BKS,O,143,146
83,29,:,O,146,147
83,30,59E1,O,148,152
83,31,-,O,152,153
83,32,088,O,153,156
83,33,.,O,156,157
83,34,97,O,157,159
83,35,rảo,O,160,163
83,36,quanh,O,164,169
83,37,nhiều,O,170,175
83,38,tuyến,O,176,181
83,39,đường,O,182,187
83,40,ở,O,188,189
83,41,Q,O,190,191
83,42,.,O,191,192
83,43,Phú_Nhuận,O,192,201
83,44,có,O,202,204
83,45,dấu_hiệu,O,205,213
83,46,khả_nghi,O,214,222
83,47,.,O,222,223
84,1,“,O,0,1
84,2,Chuyện,O,2,8
84,3,gì,O,9,11
84,4,đến,O,12,15
84,5,cũng,O,16,20
84,6,đã,O,21,23
84,7,đến,O,24,27
84,8,.,O,28,29
85,1,Nạn_nhân,O,0,8
85,2,Cao_Mỹ_Duyên,B-PERSON,9,21
85,3,có,O,22,24
85,4,3,O,25,26
85,5,luật_sư,O,27,34
85,6,bảo_vệ,O,35,41
85,7,quyền,O,42,47
85,8,và,O,48,50
85,9,lợi_ích,O,51,58
85,10,hợp_pháp,O,59,67
85,11,.,O,67,68
86,1,Còn,O,0,3
86,2,sinh,O,4,8
86,3,viên,O,9,13
86,4,Huỳnh,B-PERSON,14,19
86,5,Tuấn,I-PERSON,20,24
86,6,Khương,I-PERSON,25,31
86,7,(,O,32,33
86,8,Trường,B-ORGANIZATION,34,40
86,9,ĐH,I-ORGANIZATION,41,43
86,10,Khoa_học_tự_nhiên,I-ORGANIZATION,44,61
86,11,-,O,62,63
86,12,ĐHQG,B-ORGANIZATION,64,68
86,13,TP,I-ORGANIZATION,69,71
86,14,.,O,71,72
87,1,Tại,O,0,3
87,2,cuộc,O,4,8
87,3,thi,O,9,12
87,4,này,O,13,16
87,5,",",O,17,18
87,6,tôi,O,19,22
87,7,không,O,23,28
87,8,muốn,O,29,33
87,9,tham_lam,O,34,42
87,10,nữa,O,43,46
87,11,và,O,47,49
87,12,sẽ,O,50,52
87,13,tiếp_tục,O,53,61
87,14,cố_gắng,O,62,69
87,15,cho,O,70,73
87,16,chặng,O,74,79
87,17,đường,O,80,85
87,18,tiếp_theo,O,86,95
87,19,"""",O,96,97
87,20,.,O,98,99
88,1,Bỗng_nhiên,O,0,10
88,2,có,O,11,13
88,3,một_số,O,14,20
88,4,tiền,O,21,25
88,5,lớn,O,26,29
88,6,rơi,O,30,33
88,7,"""",O,34,35
88,8,trúng,O,35,40
88,9,đầu,O,41,44
88,10,"""",O,44,45
88,11,",",O,45,46
88,12,có,O,47,49
88,13,người,O,50,55
88,14,bị,O,56,58
88,15,kéo,O,59,62
88,16,đến,O,63,66
88,17,xin,O,67,70
88,18,tiền,O,71,75
88,19,",",O,75,76
88,20,có,O,77,79
88,21,người,O,80,85
88,22,chỉ,O,86,89
88,23,kịp,O,90,93
88,24,làm,O,94,97
88,25,"""",O,98,99
88,26,đại_gia,O,99,106
88,27,"""",O,106,107
88,28,vài,O,108,111
88,29,ngày,O,112,116
88,30,rồi,O,117,120
88,31,hết,O,121,124
88,32,",",O,124,125
88,33,có,O,126,128
88,34,người,O,129,134
88,35,cuối,O,135,139
88,36,đời,O,140,143
88,37,lại,O,144,147
88,38,phải,O,148,152
88,39,đi,O,153,155
88,40,ăn_mày,O,156,162
88,41,hoặc,O,163,167
88,42,có,O,168,170
88,43,trường_hợp,O,171,181
88,44,trúng,O,182,187
88,45,số,O,188,190
88,46,nhưng,O,191,196
88,47,không,O,197,202
88,48,được,O,203,207
88,49,nhận,O,208,212
88,50,.,O,212,213
89,1,Quán_quân,O,0,9
89,2,Người_mẫu_Quý,O,10,23
89,3,bà,O,24,26
89,4,Việt_Nam,O,27,35
89,5,nhận,O,36,40
89,6,tổng_giải_thưởng,O,41,57
89,7,trị_giá,O,58,65
89,8,200,O,66,69
89,9,triệu,O,70,75
89,10,đồng,O,76,80
89,11,;,O,81,82
89,12,Á_quân,O,83,89
89,13,1,O,90,91
89,14,-,O,92,93
89,15,giải_thưởng,O,94,105
89,16,trị_giá,O,106,113
89,17,150,O,114,117
89,18,triệu,O,118,123
89,19,đồng,O,124,128
89,20,;,O,129,130
89,21,Á_quân,O,131,137
89,22,2,O,138,139
89,23,giải_thưởng,O,140,151
89,24,trị_giá,O,152,159
89,25,100,O,160,163
89,26,triệu,O,164,169
89,27,đồng,O,170,174
89,28,.,O,175,176
90,1,(,O,0,1
90,2,15,O,1,3
90,3,tuổi,O,4,8
90,4,),O,8,9
90,5,đi,O,10,12
90,6,bắt,O,13,16
90,7,Đ,B-PERSON,17,18
90,8,.,O,18,19
91,1,cứ,O,0,2
91,2,nhìn,O,3,7
91,3,trân_trân,O,8,17
91,4,vào,O,18,21
91,5,căn_nhà_trọ,O,22,33
91,6,",",O,34,35
91,7,nơi,O,36,39
91,8,con_gái,O,40,47
91,9,ông,O,48,51
91,10,bị,O,52,54
91,11,sát_hại,O,55,62
91,12,rồi,O,63,66
91,13,lặng_lẽ,O,67,74
91,14,đi,O,75,77
91,15,về,O,78,80
91,16,phía,O,81,85
91,17,chiếc,O,86,91
91,18,xe_tang,O,92,99
91,19,",",O,100,101
91,20,nơi,O,102,105
91,21,con_gái,O,106,113
91,22,đang,O,114,118
91,23,nằm,O,119,122
91,24,trong,O,123,128
91,25,đó,O,129,131
91,26,để,O,132,134
91,27,đưa,O,135,138
91,28,con_gái,O,139,146
91,29,về,O,147,149
91,30,nhà,O,150,153
91,31,.,O,154,155
92,1,Thắng,B-PERSON,0,5
92,2,đã,O,6,8
92,3,thành_lập,O,9,18
92,4,công_ty,B-ORGANIZATION,19,26
92,5,cổ_phần,I-ORGANIZATION,27,34
92,6,Thương_mại,I-ORGANIZATION,35,45
92,7,và,I-ORGANIZATION,46,48
92,8,lữ_hành,I-ORGANIZATION,49,56
92,9,quốc_tế,I-ORGANIZATION,57,64
92,10,Phúc_Đức,I-ORGANIZATION,65,73
92,11,(,O,74,75
92,12,xóm,B-LOCATION,75,78
92,13,Chợ,I-LOCATION,79,82
92,14,",",O,82,83
92,15,phường,B-LOCATION,84,90
92,16,Đại_Mỗ,I-LOCATION,91,97
92,17,",",O,97,98
92,18,Nam,B-LOCATION,99,102
92,19,Từ_Liêm,I-LOCATION,103,110
92,20,",",O,110,111
92,21,Hà_Nội,B-LOCATION,112,118
92,22,),O,118,119
92,23,.,O,119,120
93,1,Liên_quan,O,0,9
93,2,đến,O,10,13
93,3,vụ,O,14,16
93,4,du_học_sinh,O,17,28
93,5,Mỹ,B-LOCATION,29,31
93,6,tố,O,32,34
93,7,bị,O,35,37
93,8,anh,O,38,41
93,9,rể,O,42,44
93,10,hờ,O,45,47
93,11,là,O,48,50
93,12,đại_gia,O,51,58
93,13,hiếp_dâm,O,59,67
93,14,gây,O,68,71
93,15,xôn_xao,O,72,79
93,16,dư_luận,O,80,87
93,17,",",O,87,88
93,18,diễn_biến,O,89,98
93,19,mới,O,99,102
93,20,nhất,O,103,107
93,21,",",O,107,108
93,22,cơ_quan,O,109,116
93,23,CSĐT,O,117,121
93,24,Công_an,B-ORGANIZATION,122,129
93,25,TP,I-ORGANIZATION,130,132
93,26,.,I-ORGANIZATION,132,133
93,27,HCM,I-ORGANIZATION,133,136
93,28,vừa,O,137,140
93,29,có,O,141,143
93,30,kết_luận,O,144,152
93,31,điều_tra,O,153,161
93,32,bổ_sung,O,162,169
93,33,vụ,O,170,172
93,34,án,O,173,175
93,35,.,O,175,176
94,1,Riêng,O,0,5
94,2,hai,O,6,9
94,3,bị_cáo,O,10,16
94,4,Lương_Văn_Khăm,B-PERSON,17,31
94,5,và,O,32,34
94,6,Vi_Thị_Lý,B-PERSON,35,44
94,7,chưa,O,45,49
94,8,được,O,50,54
94,9,chia,O,55,59
94,10,tiền,O,60,64
94,11,như,O,65,68
94,12,đã,O,69,71
94,13,hứa,O,72,75
94,14,ban_đầu,O,76,83
94,15,.,O,84,85
95,1,Khi,O,0,3
95,2,quán,O,4,8
95,3,nhậu,O,9,13
95,4,đóng_cửa,O,14,22
95,5,",",O,22,23
95,6,Tuyền,B-PERSON,24,29
95,7,ra,O,30,32
95,8,phía,O,33,37
95,9,trước,O,38,43
95,10,cửa,O,44,47
95,11,lớn_tiếng,O,48,57
95,12,gọi,O,58,61
95,13,:,O,61,62
95,14,“,O,63,64
95,15,con,O,64,67
95,16,Nhi,B-PERSON,68,71
95,17,đâu,O,72,75
95,18,ra,O,76,78
95,19,đây,O,79,82
95,20,.,O,82,83
96,1,Trong,O,0,5
96,2,đó,O,6,8
96,3,6,O,9,10
96,4,luật_sư,O,11,18
96,5,bào_chữa,O,19,27
96,6,theo,O,28,32
96,7,quy_định,O,33,41
96,8,của,O,42,45
96,9,pháp_luật,O,46,55
96,10,đối_với,O,56,63
96,11,6,O,64,65
96,12,bị_cáo,O,66,72
96,13,",",O,72,73
96,14,3,O,74,75
96,15,bị_cáo,O,76,82
96,16,không,O,83,88
96,17,có,O,89,91
96,18,luật_sư,O,92,99
96,19,bào_chữa,O,100,108
96,20,là,O,109,111
96,21,Cầm_Văn_Chương,B-PERSON,112,126
96,22,",",O,126,127
96,23,Bùi_Thị_Kim_Thu,B-PERSON,128,143
96,24,",",O,143,144
96,25,Phạm_Văn_Dũng,B-PERSON,145,158
96,26,.,O,158,159
97,1,Đối_với,O,0,7
97,2,Raymundo_Y,B-PERSON,8,18
97,3,.,I-PERSON,18,19
97,4,Mararac,I-PERSON,19,26
97,5,",",O,26,27
97,6,tài_liệu,O,28,36
97,7,điều_tra,O,37,45
97,8,xác_định,O,46,54
97,9,",",O,54,55
97,10,từ,O,56,58
97,11,ngày,O,59,63
97,12,29,O,64,66
97,13,/,O,66,67
97,14,1,O,67,68
97,15,/,O,68,69
97,16,2009,O,69,73
97,17,-,O,73,74
97,18,15,O,75,77
97,19,/,O,77,78
97,20,6,O,78,79
97,21,/,O,79,80
97,22,2012,O,80,84
97,23,",",O,84,85
97,24,Raymundo,O,86,94
97,25,được,O,95,99
97,26,thuê,O,100,104
97,27,làm_việc,O,105,113
97,28,cho,O,114,117
97,29,Health,B-ORGANIZATION,118,124
97,30,2000,I-ORGANIZATION,125,129
97,31,Canada,B-LOCATION,130,136
97,32,",",O,136,137
97,33,giữ,O,138,141
97,34,chức_vụ,O,142,149
97,35,Giám_đốc_điều_hành,O,150,168
97,36,tại,O,169,172
97,37,Philippines,B-LOCATION,173,184
97,38,.,O,184,185
98,1,Còn,O,0,3
98,2,Tuyền,B-PERSON,4,9
98,3,có,O,10,12
98,4,nhiệm_vụ,O,13,21
98,5,thuê,O,22,26
98,6,ô_tô,O,27,31
98,7,",",O,31,32
98,8,ở,O,33,34
98,9,ngoài,O,35,40
98,10,cảnh_giới,O,41,50
98,11,",",O,50,51
98,12,khi,O,52,55
98,13,đồng_bọn,O,56,64
98,14,gây,O,65,68
98,15,án,O,69,71
98,16,xong,O,72,76
98,17,thì,O,77,80
98,18,chở,O,81,84
98,19,đi,O,85,87
98,20,tẩu_thoát,O,88,97
98,21,.,O,97,98
99,1,Người,O,0,5
99,2,đại_diện,O,6,14
99,3,truyền_thông,O,15,27
99,4,của,O,28,31
99,5,Chris_Brown,B-PERSON,32,43
99,6,tại,O,44,47
99,7,Sony_Music,O,48,58
99,8,thì,O,59,62
99,9,vẫn,O,63,66
99,10,chưa,O,67,71
99,11,lên_tiếng,O,72,81
99,12,bình_luận,O,82,91
99,13,.,O,92,93
100,1,Tại,O,0,3
100,2,biên_bản,O,4,12
100,3,này,O,13,16
100,4,",",O,17,18
100,5,đơn_vị,O,19,25
100,6,phá,O,26,29
100,7,đá,O,30,32
100,8,thừa_nhận,O,33,42
100,9,việc,O,43,47
100,10,nổ,O,48,50
100,11,mìn,O,51,54
100,12,phá,O,55,58
100,13,đá,O,59,61
100,14,không,O,62,67
100,15,đảm_bảo,O,68,75
100,16,an_toàn,O,76,83
100,17,khiến,O,84,89
100,18,đá,O,90,92
100,19,rơi,O,93,96
100,20,vào,O,97,100
100,21,nhà,O,101,104
100,22,dân,O,105,108
100,23,",",O,109,110
100,24,đồng_thời,O,111,120
100,25,chấp_nhận,O,121,130
100,26,bồi_thường,O,131,141
100,27,.,O,142,143
101,1,Trong,O,0,5
101,2,đó,O,6,8
101,3,",",O,8,9
101,4,Chủ_tịch,O,10,18
101,5,Việt_Á,O,19,25
101,6,đưa,O,26,29
101,7,cho,O,30,33
101,8,ông,O,34,37
101,9,Chu_Ngọc_Anh,B-PERSON,38,50
101,10,200,O,51,54
101,11,.,O,54,55
101,12,000,O,55,58
101,13,USD,O,59,62
101,14,(,O,63,64
101,15,tương_đương,O,64,75
101,16,hơn,O,76,79
101,17,4,O,80,81
101,18,",",O,81,82
101,19,6,O,82,83
101,20,tỷ,O,84,86
101,21,đồng,O,87,91
101,22,),O,91,92
101,23,",",O,92,93
101,24,đưa,O,94,97
101,25,cho,O,98,101
101,26,ông,O,102,105
101,27,Phạm_Công_Tạc,B-PERSON,106,119
101,28,50,O,120,122
101,29,.,O,122,123
101,30,000,O,123,126
101,31,USD,O,127,130
101,32,(,O,131,132
101,33,tương_đương,O,132,143
101,34,hơn,O,144,147
101,35,1,O,148,149
101,36,",",O,149,150
101,37,1,O,150,151
101,38,tỷ,O,152,154
101,39,đồng,O,155,159
101,40,),O,159,160
101,41,.,O,160,161
102,1,“,O,0,1
102,2,Thử,O,2,5
102,3,hỏi,O,6,9
102,4,Chung,B-PERSON,10,15
102,5,Tử,I-PERSON,16,18
102,6,Đơn,I-PERSON,19,22
102,7,một,O,23,26
102,8,câu,O,27,30
102,9,:,O,31,32
102,10,Đạo_đức_nghề_nghiệp,O,33,52
102,11,của,O,53,56
102,12,anh,O,57,60
102,13,ở,O,61,62
102,14,đâu,O,63,66
102,15,?,O,67,68
103,1,Bực_tức,O,0,7
103,2,",",O,7,8
103,3,Sơn,B-PERSON,9,12
103,4,rủ,O,13,15
103,5,Cầu,B-PERSON,16,19
103,6,đến_nơi,O,20,27
103,7,ông,O,28,31
103,8,Nghĩa,B-PERSON,32,37
103,9,làm_việc,O,38,46
103,10,để,O,47,49
103,11,trả_thù,O,50,57
103,12,.,O,57,58
104,1,Theo,O,0,4
104,2,đó,O,5,7
104,3,",",O,7,8
104,4,cơ_quan,O,9,16
104,5,công_an,O,17,24
104,6,vẫn,O,25,28
104,7,giữ,O,29,32
104,8,quan_điểm,O,33,42
104,9,đề_nghị,O,43,50
104,10,truy_tố,O,51,58
104,11,bị_can,O,59,65
104,12,Lê_Phú_Cự,B-PERSON,66,75
104,13,(,O,76,77
104,14,51,O,77,79
104,15,tuổi,O,80,84
104,16,",",O,84,85
104,17,quê,O,86,89
104,18,Quảng_Ngãi,B-LOCATION,90,100
104,19,",",O,100,101
104,20,trú,O,102,105
104,21,Q,B-LOCATION,106,107
104,22,.,I-LOCATION,107,108
104,23,1,I-LOCATION,108,109
104,24,),O,109,110
104,25,về,O,111,113
104,26,tội,O,114,117
104,27,“,O,118,119
104,28,hiếp_dâm,O,119,127
104,29,”,O,127,128
104,30,theo,O,129,133
104,31,khoản,O,134,139
104,32,1,O,140,141
104,33,",",O,141,142
104,34,điều,O,143,147
104,35,111,O,148,151
104,36,",",O,151,152
104,37,Bộ_luật_Hình_sự,O,153,168
104,38,năm,O,169,172
104,39,1999,O,173,177
104,40,(,O,178,179
104,41,được,O,179,183
104,42,sửa_đổi,O,184,191
104,43,",",O,191,192
104,44,bổ_sung,O,193,200
104,45,năm,O,201,204
104,46,2009,O,205,209
104,47,),O,209,210
104,48,",",O,210,211
104,49,với,O,212,215
104,50,khung_hình_phạt,O,216,231
104,51,từ,O,232,234
104,52,2,O,235,236
104,53,–,O,237,238
104,54,7,O,239,240
104,55,năm,O,241,244
104,56,tù,O,245,247
104,57,.,O,247,248
105,1,và,O,0,2
105,2,',O,3,4
105,3,giam,O,4,8
105,4,lỏng,O,9,13
105,5,’,O,13,14
105,6,đến,O,15,18
105,7,khoảng,O,19,25
105,8,10,O,26,28
105,9,h,O,28,29
105,10,cùng,O,30,34
105,11,ngày,O,35,39
105,12,thì,O,40,43
105,13,chở,O,44,47
105,14,Đ,B-PERSON,48,49
105,15,.,O,49,50
106,1,Gợi_ý,O,0,5
106,2,với,O,6,9
106,3,các,O,10,13
106,4,bộ,O,14,16
106,5,",",O,17,18
106,6,ngành,O,19,24
106,7,",",O,25,26
106,8,địa_phương,O,27,37
106,9,về,O,38,40
106,10,nội_dung,O,41,49
106,11,thảo_luận,O,50,59
106,12,tại,O,60,63
106,13,phiên,O,64,69
106,14,họp,O,70,73
106,15,trực_tuyến,O,74,84
106,16,",",O,85,86
106,17,Thủ_tướng,O,87,96
106,18,nêu,O,97,100
106,19,cần,O,101,104
106,20,tập_trung,O,105,114
106,21,vào,O,115,118
106,22,các,O,119,122
106,23,vấn_đề_tồn_tại,O,123,137
106,24,như,O,138,141
106,25,Luật_quy_hoạch,O,142,156
106,26,",",O,157,158
106,27,vấn_đề,O,159,165
106,28,sân,O,166,169
106,29,golf,O,170,174
106,30,",",O,175,176
106,31,rồi,O,177,180
106,32,tự_chủ,O,181,187
106,33,đơn_vị,O,188,194
106,34,sự_nghiệp_công,O,195,209
106,35,",",O,210,211
106,36,đặc_biệt_giải_ngân,O,212,230
106,37,rất,O,231,234
106,38,chậm,O,235,239
106,39,cả,O,240,242
106,40,đầu_tư_công,O,243,254
106,41,và,O,255,257
106,42,ODA,O,258,261
106,43,.,O,262,263
107,1,Hành_nghề,O,0,9
107,2,ngoại_cảm,O,10,19
107,3,từ,O,20,22
107,4,năm,O,23,26
107,5,2014,O,27,31
107,6,",",O,31,32
107,7,Thắng,B-PERSON,33,38
107,8,khiến,O,39,44
107,9,nhiều,O,45,50
107,10,người,O,51,56
107,11,sập,O,57,60
107,12,bẫy,O,61,64
107,13,lừa,O,65,68
107,14,.,O,68,69
108,1,không,O,0,5
108,2,đi,O,6,8
108,3,làm_nên,O,9,16
108,4,cuộc_sống,O,17,26
108,5,phụ_thuộc,O,27,36
108,6,Thắng,B-PERSON,37,42
108,7,về,O,43,45
108,8,mặt,O,46,49
108,9,kinh_tế,O,50,57
108,10,.,O,57,58
109,1,Mỗi,O,0,3
109,2,túi,O,4,7
109,3,được,O,8,12
109,4,đóng_gói,O,13,21
109,5,gồm,O,22,25
109,6,1,O,26,27
109,7,chai,O,28,32
109,8,nước,O,33,37
109,9,hương_liệu,O,38,48
109,10,",",O,48,49
109,11,1,O,50,51
109,12,lá,O,52,54
109,13,bùa,O,55,58
109,14,",",O,58,59
109,15,trong,O,60,65
109,16,đó,O,66,68
109,17,có,O,69,71
109,18,hướng_dẫn,O,72,81
109,19,cách,O,82,86
109,20,sử_dụng,O,87,94
109,21,.,O,94,95
110,1,Không,O,0,5
110,2,dừng,O,6,10
110,3,lại,O,11,14
110,4,ở,O,15,16
110,5,đó,O,17,19
110,6,",",O,19,20
110,7,như,O,21,24
110,8,con,O,25,28
110,9,thú,O,29,32
110,10,say,O,33,36
110,11,mồi,O,37,40
110,12,",",O,40,41
110,13,Phong,B-PERSON,42,47
110,14,còn,O,48,51
110,15,vung,O,52,56
110,16,dao_bổ,O,57,63
110,17,tiếp,O,64,68
110,18,một,O,69,72
110,19,nhát,O,73,77
110,20,vào,O,78,81
110,21,đầu,O,82,85
110,22,bà,O,86,88
110,23,Vân,B-PERSON,89,92
110,24,rồi,O,93,96
110,25,lại,O,97,100
110,26,trèo,O,101,105
110,27,qua,O,106,109
110,28,tường,O,110,115
110,29,chạy,O,116,120
110,30,trốn,O,121,125
110,31,.,O,125,126
111,1,chỉ,O,0,3
111,2,biết,O,4,8
111,3,thông_tin,O,9,18
111,4,về,O,19,21
111,5,việc,O,22,26
111,6,kỷ_luật,O,27,34
111,7,cảnh_cáo,O,35,43
111,8,ông,O,44,47
111,9,V,B-PERSON,48,49
111,10,.,I-PERSON,49,50
111,11,V,I-PERSON,50,51
111,12,.,O,52,53
112,1,xin,O,0,3
112,2,nickchat,O,4,12
112,3,trên,O,13,17
112,4,mạng,O,18,22
112,5,.,O,22,23
113,1,Mâu_thuẫn,O,0,9
113,2,với,O,10,13
113,3,vợ,O,14,16
113,4,",",O,16,17
113,5,vác,O,18,21
113,6,dao,O,22,25
113,7,đâm,O,26,29
113,8,chết,O,30,34
113,9,mẹ_vợ,O,35,40
113,10,Ngày,O,41,45
113,11,25,O,46,48
113,12,/,O,48,49
113,13,6,O,49,50
113,14,",",O,50,51
113,15,Công_an,B-ORGANIZATION,52,59
113,16,tỉnh,I-ORGANIZATION,60,64
113,17,Tây_Ninh,I-ORGANIZATION,65,73
113,18,đang,O,74,78
113,19,tiếp_tục,O,79,87
113,20,làm,O,88,91
113,21,rõ,O,92,94
113,22,vụ,O,95,97
113,23,án_mạng,O,98,105
113,24,xảy,O,106,109
113,25,ra,O,110,112
113,26,trên,O,113,117
113,27,địa_bàn,O,118,125
113,28,xã,B-LOCATION,126,128
113,29,Tân_Hội,I-LOCATION,129,136
113,30,",",O,136,137
113,31,huyện,B-LOCATION,138,143
113,32,Tân_Châu,I-LOCATION,144,152
113,33,.,O,152,153
114,1,Sau,O,0,3
114,2,khi,O,4,7
114,3,gây,O,8,11
114,4,án,O,12,14
114,5,",",O,14,15
114,6,Tuyền,B-PERSON,16,21
114,7,bỏ,O,22,24
114,8,về,O,25,27
114,9,nhà,O,28,31
114,10,",",O,31,32
114,11,còn,O,33,36
114,12,Nhi,B-PERSON,37,40
114,13,được,O,41,45
114,14,đưa,O,46,49
114,15,vào,O,50,53
114,16,bệnh_viện,O,54,63
114,17,cấp_cứu,O,64,71
114,18,.,O,71,72
115,1,Scandal,O,0,7
115,2,rầm_rộ,O,8,14
115,3,nhất,O,15,19
115,4,là,O,20,22
115,5,vụ,O,23,25
115,6,anh,O,26,29
115,7,hành_hung,O,30,39
115,8,cô,O,40,42
115,9,bạn,O,43,46
115,10,gái,O,47,50
115,11,cũ,O,51,53
115,12,Rihanna,B-PERSON,54,61
115,13,vào,O,62,65
115,14,năm,O,66,69
115,15,2009,O,70,74
115,16,.,O,75,76
116,1,Cầu,O,0,3
116,2,này,O,4,7
116,3,tối_đa,O,8,14
116,4,chỉ,O,15,18
116,5,cho,O,19,22
116,6,phương_tiện,O,23,34
116,7,",",O,34,35
116,8,cả,O,36,38
116,9,tải_trọng,O,39,48
116,10,xe,O,49,51
116,11,và,O,52,54
116,12,hàng,O,55,59
116,13,hóa,O,60,63
116,14,không,O,64,69
116,15,quá,O,70,73
116,16,8,O,74,75
116,17,tấn,O,76,79
116,18,lưu_thông,O,80,89
116,19,.,O,89,90
117,1,Nhân_viên,O,0,9
117,2,bảo_vệ,O,10,16
117,3,hiệu,O,17,21
117,4,vàng,O,22,26
117,5,Lan_Hương,B-PERSON,27,36
117,6,cho,O,37,40
117,7,biết,O,41,45
117,8,",",O,45,46
117,9,thời_điểm,O,47,56
117,10,tên,O,57,60
117,11,cướp,O,61,65
117,12,ra_tay,O,66,72
117,13,vào,O,73,76
117,14,buổi,O,77,81
117,15,trưa,O,82,86
117,16,vắng,O,87,91
117,17,nên,O,92,95
117,18,nhân_viên,O,96,105
117,19,bán,O,106,109
117,20,hàng,O,110,114
117,21,bị,O,115,117
117,22,bất_ngờ,O,118,125
117,23,.,O,125,126
118,1,Từ,O,0,2
118,2,ngày,O,3,7
118,3,28,O,8,10
118,4,/,O,10,11
118,5,10,O,11,13
118,6,/,O,13,14
118,7,2012,O,14,18
118,8,đến,O,19,22
118,9,ngày,O,23,27
118,10,3,O,28,29
118,11,/,O,29,30
118,12,8,O,30,31
118,13,/,O,31,32
118,14,2014,O,32,36
118,15,",",O,36,37
118,16,Raymundo,B-PERSON,38,46
118,17,đã,O,47,49
118,18,13,O,50,52
118,19,lần,O,53,56
118,20,nhập_cảnh,O,57,66
118,21,vào,O,67,70
118,22,Việt_Nam,B-LOCATION,71,79
118,23,để,O,80,82
118,24,tham_gia,O,83,91
118,25,vào,O,92,95
118,26,các,O,96,99
118,27,hoạt_động,O,100,109
118,28,kinh_doanh,O,110,120
118,29,thuốc,O,121,126
118,30,.,O,126,127
119,1,Chris_Brown,B-PERSON,0,11
119,2,đã,O,12,14
119,3,hoàn_thành,O,15,25
119,4,thời_gian,O,26,35
119,5,chịu,O,36,40
119,6,án_treo,O,41,48
119,7,vào,O,49,52
119,8,năm,O,53,56
119,9,2015,O,57,61
119,10,",",O,62,63
119,11,nhưng,O,64,69
119,12,sau,O,70,73
119,13,đó,O,74,76
119,14,lại,O,77,80
119,15,dính,O,81,85
119,16,thêm,O,86,90
119,17,một,O,91,94
119,18,loạt,O,95,99
119,19,rắc_rối,O,100,107
119,20,pháp_lý,O,108,115
119,21,khác,O,116,120
119,22,.,O,121,122
120,1,Bởi,O,0,3
120,2,đối_với,O,4,11
120,3,tôi,O,12,15
120,4,",",O,16,17
120,5,bản_thân,O,18,26
120,6,đã,O,27,29
120,7,đạt,O,30,33
120,8,được,O,34,38
120,9,quá,O,39,42
120,10,nhiều,O,43,48
120,11,thứ,O,49,52
120,12,và,O,53,55
120,13,tôi,O,56,59
120,14,muốn,O,60,64
120,15,chia_sẻ,O,65,72
120,16,điều,O,73,77
120,17,này,O,78,81
120,18,cho,O,82,85
120,19,người,O,86,91
120,20,khác,O,92,96
120,21,.,O,97,98
121,1,Đến,O,0,3
121,2,chiều,O,4,9
121,3,nay,O,10,13
121,4,nghi_phạm,O,14,23
121,5,đã,O,24,26
121,6,bị,O,27,29
121,7,cơ_quan_chức_năng,O,30,47
121,8,bắt_giữ,O,48,55
121,9,sau,O,56,59
121,10,hơn,O,60,63
121,11,một,O,64,67
121,12,giờ,O,68,71
121,13,gây,O,72,75
121,14,án,O,76,78
121,15,.,O,78,79
122,1,Khoảng,O,0,6
122,2,0,O,7,8
122,3,h30,O,8,11
122,4,ngày,O,12,16
122,5,21,O,17,19
122,6,/,O,19,20
122,7,9,O,20,21
122,8,",",O,21,22
122,9,Quang,B-PERSON,23,28
122,10,đã,O,29,31
122,11,rủ,O,32,34
122,12,Tuấn,B-PERSON,35,39
122,13,",",O,39,40
122,14,Hòa,B-PERSON,41,44
122,15,cùng,O,45,49
122,16,T,O,50,51
122,17,.,O,51,52
123,1,Nói,O,0,3
123,2,về,O,4,6
123,3,thầy,O,7,11
123,4,của,O,12,15
123,5,mình,O,16,20
123,6,",",O,21,22
123,7,sư_thầy,O,23,30
123,8,Vịnh,B-PERSON,31,35
123,9,cho,O,36,39
123,10,biết,O,40,44
123,11,Đức_Pháp_chủ,O,45,57
123,12,Thích_Phổ_Tuệ,B-PERSON,58,71
123,13,là,O,72,74
123,14,một,O,75,78
123,15,người,O,79,84
123,16,rất,O,85,88
123,17,ham_lao_động,O,89,101
123,18,",",O,102,103
123,19,lúc_nào,O,104,111
123,20,cũng,O,112,116
123,21,làm_việc,O,117,125
123,22,không,O,126,131
123,23,ngơi_tay_chân,O,132,145
123,24,",",O,146,147
123,25,hết,O,148,151
123,26,chăm_cây_cối,O,152,164
123,27,lại,O,165,168
123,28,trông_nom,O,169,178
123,29,ban,O,179,182
123,30,thờ,O,183,186
123,31,",",O,187,188
123,32,khi,O,189,192
123,33,xong,O,193,197
123,34,công_việc,O,198,207
123,35,thì,O,208,211
123,36,lại,O,212,215
123,37,coi,O,216,219
123,38,sách,O,220,224
123,39,.,O,225,226
124,1,Việc,O,0,4
124,2,đấu_tranh,O,5,14
124,3,bóc,O,15,18
124,4,gỡ,O,19,21
124,5,đường_dây,O,22,31
124,6,của,O,32,35
124,7,Tâm,B-PERSON,36,39
124,8,gặp,O,40,43
124,9,nhiều,O,44,49
124,10,khó_khăn,O,50,58
124,11,.,O,58,59
125,1,Trong,O,0,5
125,2,thời_gian,O,6,15
125,3,này,O,16,19
125,4,",",O,19,20
125,5,T,B-PERSON,21,22
125,6,.,O,22,23
126,1,Sau,O,0,3
126,2,Công_văn,O,4,12
126,3,31,O,13,15
126,4,của,O,16,19
126,5,Trung_ương_Giáo_hội,B-ORGANIZATION,20,39
126,6,Phật_giáo_Việt_Nam,I-ORGANIZATION,40,58
126,7,",",O,59,60
126,8,thông_tin,O,61,70
126,9,từ,O,71,73
126,10,Hoà,O,74,77
126,11,thượng,O,78,84
126,12,Thích,B-PERSON,85,90
126,13,Huệ,I-PERSON,91,94
126,14,Thông,I-PERSON,95,100
126,15,-,O,101,102
126,16,Phó,O,103,106
126,17,Tổng_thư_ký,O,107,118
126,18,Hội_đồng_trị_sự,O,119,134
126,19,kiêm,O,135,139
126,20,Chánh_văn_phòng,O,140,155
126,21,2,O,156,157
126,22,Trung_ương,B-ORGANIZATION,158,168
126,23,Giáo_hội,I-ORGANIZATION,169,177
126,24,Phật_giáo_Việt_Nam,I-ORGANIZATION,178,196
126,25,-,O,197,198
126,26,cho_biết,O,199,207
126,27,giáo_hội,O,208,216
126,28,sẽ,O,217,219
126,29,có,O,220,222
126,30,chương_trình,O,223,235
126,31,triển_khai,O,236,246
126,32,sâu_rộng,O,247,255
126,33,trong,O,256,261
126,34,mùa,O,262,265
126,35,an_cư,O,266,271
126,36,sắp,O,272,275
126,37,tới,O,276,279
126,38,.,O,280,281
126,39,.,O,281,282
126,40,.,O,282,283
127,1,\,O,0,1
127,2,-,O,1,2
127,3,Đây,O,3,6
127,4,là,O,7,9
127,5,một,O,10,13
127,6,nội_dung,O,14,22
127,7,Phật_sự,O,23,30
127,8,mà,O,31,33
127,9,Văn_phòng_Trung_ương,B-ORGANIZATION,34,54
127,10,Giáo_hội,I-ORGANIZATION,55,63
127,11,Phật_giáo_Việt_Nam,I-ORGANIZATION,64,82
127,12,đã,O,83,85
127,13,chuẩn_bị,O,86,94
127,14,kế_hoạch,O,95,103
127,15,trong,O,104,109
127,16,năm,O,110,113
127,17,vừa_qua,O,114,121
127,18,.,O,122,123
128,1,Vì_vậy,O,0,6
128,2,",",O,7,8
128,3,theo,O,9,13
128,4,ông,O,14,17
128,5,Thọ,B-PERSON,18,21
128,6,",",O,22,23
128,7,phải,O,24,28
128,8,hai,O,29,32
128,9,tháng,O,33,38
128,10,rưỡi,O,39,43
128,11,nữa,O,44,47
128,12,việc,O,48,52
128,13,cấp_nước,O,53,61
128,14,mới,O,62,65
128,15,trở_lại,O,66,73
128,16,như,O,74,77
128,17,cũ,O,78,80
128,18,.,O,81,82
129,1,Vụ,O,0,2
129,2,án,O,3,5
129,3,đường_dây,O,6,15
129,4,đánh_bạc,O,16,24
129,5,nghìn,O,25,30
129,6,tỷ,O,31,33
129,7,trên,O,34,38
129,8,internet,O,39,47
129,9,có,O,48,50
129,10,13,O,51,53
129,11,bị_can,O,54,60
129,12,được,O,61,65
129,13,đình_chỉ,O,66,74
129,14,điều_tra,O,75,83
129,15,",",O,83,84
129,16,trong,O,85,90
129,17,đó,O,91,93
129,18,có,O,94,96
129,19,"""",O,97,98
129,20,cánh_tay_phải,O,98,111
129,21,"""",O,111,112
129,22,của,O,113,116
129,23,Phan_Sào_Nam,B-PERSON,117,129
129,24,.,O,129,130
130,1,Do,O,0,2
130,2,thương_lượng,O,3,15
130,3,",",O,15,16
130,4,thỏa_thuận,O,17,27
130,5,nhiều,O,28,33
130,6,lần,O,34,37
130,7,giữa,O,38,42
130,8,2,O,43,44
130,9,bên,O,45,48
130,10,không,O,49,54
130,11,đạt,O,55,58
130,12,nên,O,59,62
130,13,tháng,O,63,68
130,14,8,O,69,70
130,15,/,O,70,71
130,16,2014,O,71,75
130,17,",",O,75,76
130,18,bà,O,77,79
130,19,Trương_Thị_Thu_Thủy,B-PERSON,80,99
130,20,ký,O,100,102
130,21,hợp_đồng,O,103,111
130,22,ủy,O,112,114
130,23,quyền,O,115,120
130,24,cho,O,121,124
130,25,LS,O,125,127
130,26,Trần_Hữu_Kiển,B-PERSON,128,141
130,27,làm,O,142,145
130,28,người,O,146,151
130,29,đại_diện,O,152,160
130,30,tham_gia,O,161,169
130,31,việc,O,170,174
130,32,chia,O,175,179
130,33,thừa_kế,O,180,187
130,34,sao,O,188,191
130,35,cho,O,192,195
130,36,bà,O,196,198
130,37,nhận,O,199,203
130,38,được,O,204,208
130,39,số,O,209,211
130,40,tiền,O,212,216
130,41,tối,O,217,220
130,42,thiếu,O,221,226
130,43,là,O,227,229
130,44,1,O,230,231
130,45,tỉ,O,232,234
130,46,đồng,O,235,239
130,47,(,O,240,241
130,48,sau,O,241,244
130,49,khi,O,245,248
130,50,trừ,O,249,252
130,51,các,O,253,256
130,52,chi_phí,O,257,264
130,53,dịch_vụ,O,265,272
130,54,),O,272,273
130,55,.,O,273,274
131,1,Chỉ,O,0,3
131,2,riêng,O,4,9
131,3,năm,O,10,13
131,4,2015,O,14,18
131,5,",",O,19,20
131,6,có,O,21,23
131,7,khoảng,O,24,30
131,8,100,O,31,34
131,9,ca_khúc,O,35,42
131,10,trước,O,43,48
131,11,năm,O,49,52
131,12,1975,O,53,57
131,13,được,O,58,62
131,14,cấp,O,63,66
131,15,phép,O,67,71
131,16,phổ_biến,O,72,80
131,17,trở_lại,O,81,88
131,18,.,O,89,90
132,1,Tuy_nhiên,O,0,9
132,2,",",O,9,10
132,3,Vinh,B-PERSON,11,15
132,4,vẫn,O,16,19
132,5,tiếp_tục,O,20,28
132,6,đe_dọa,O,29,35
132,7,",",O,35,36
132,8,yêu_cầu,O,37,44
132,9,chuyển,O,45,51
132,10,tiền,O,52,56
132,11,.,O,56,57
133,1,Theo,O,0,4
133,2,Pháp_luật,B-ORGANIZATION,5,14
133,3,TP,I-ORGANIZATION,15,17
134,1,Không_chỉ,O,0,9
134,2,hứng_chịu,O,10,19
134,3,trân_mưa_đá,O,20,31
134,4,",",O,32,33
134,5,nhà,O,34,37
134,6,dân,O,38,41
134,7,còn,O,42,45
134,8,bị,O,46,48
134,9,nứt,O,49,52
134,10,vì,O,53,55
134,11,rung_chấn,O,56,65
134,12,-,O,66,67
134,13,Ảnh,O,68,71
134,14,:,O,72,73
134,15,TRẦN_MAI,B-PERSON,74,82
134,16,.,O,83,84
135,1,Lực_lượng,O,0,9
135,2,công_an,O,10,17
135,3,lập_tức,O,18,25
135,4,triển_khai,O,26,36
135,5,kế_hoạch,O,37,45
135,6,chặn,O,46,50
135,7,bắt,O,51,54
135,8,",",O,54,55
135,9,đến,O,56,59
135,10,địa_phận,O,60,68
135,11,xã,B-LOCATION,69,71
135,12,Trừng_Xá,I-LOCATION,72,80
135,13,",",O,80,81
135,14,đã,O,82,84
135,15,khống_chế,O,85,94
135,16,các,O,95,98
135,17,đối_tượng,O,99,108
135,18,",",O,108,109
135,19,thu_giữ,O,110,117
135,20,1,O,118,119
135,21,thanh,O,120,125
135,22,kiếm,O,126,130
135,23,kim_loại,O,131,139
135,24,",",O,139,140
135,25,1,O,141,142
135,26,tuýp,O,143,147
135,27,sắt,O,148,151
135,28,",",O,151,152
135,29,1,O,153,154
135,30,thùng,O,155,160
135,31,vỏ_chai,O,161,168
135,32,bia,O,169,172
135,33,thủy_tinh,O,173,182
135,34,và,O,183,185
135,35,5,O,186,187
135,36,mô_tô,O,188,193
135,37,.,O,193,194
136,1,Một,O,0,3
136,2,cục,O,4,7
136,3,đá,O,8,10
136,4,lớn,O,11,14
136,5,xé,O,15,17
136,6,nát,O,18,21
136,7,chiếc,O,22,27
136,8,tủ,O,28,30
136,9,",",O,31,32
136,10,kẹt,O,33,36
136,11,lại,O,37,40
136,12,bên,O,41,44
136,13,trong,O,45,50
136,14,tủ,O,51,53
136,15,-,O,54,55
136,16,Ảnh,O,56,59
136,17,:,O,60,61
136,18,TRẦN_MAI,B-PERSON,62,70
136,19,.,O,71,72
137,1,Tuy_nhiên,O,0,9
137,2,",",O,9,10
137,3,bị_cáo,O,11,17
137,4,đã,O,18,20
137,5,rút,O,21,24
137,6,toàn_bộ,O,25,32
137,7,tiền,O,33,37
137,8,để,O,38,40
137,9,chi_tiêu,O,41,49
137,10,và,O,50,52
137,11,vẫn,O,53,56
137,12,nói,O,57,60
137,13,chưa,O,61,65
137,14,thỏa_thuận,O,66,76
137,15,xong,O,77,81
137,16,.,O,81,82
138,1,Thoại,B-PERSON,0,5
138,2,đã,O,6,8
138,3,4,O,9,10
138,4,lần,O,11,14
138,5,đưa,O,15,18
138,6,tiền_mặt,O,19,27
138,7,và,O,28,30
138,8,3,O,31,32
138,9,lần,O,33,36
138,10,chuyển_khoản,O,37,49
138,11,cho,O,50,53
138,12,Phong,B-PERSON,54,59
138,13,với,O,60,63
138,14,số,O,64,66
138,15,tiền,O,67,71
138,16,khoảng,O,72,78
138,17,80,O,79,81
138,18,triệu,O,82,87
138,19,đồng,O,88,92
138,20,.,O,92,93
139,1,Catriona_Gray,B-PERSON,0,13
139,2,và,O,14,16
139,3,Clint,B-PERSON,17,22
139,4,Bondad,I-PERSON,23,29
139,5,gặp,O,30,33
139,6,gỡ,O,34,36
139,7,nhau,O,37,41
139,8,khi,O,42,45
139,9,họ,O,46,48
139,10,chỉ,O,49,52
139,11,mới,O,53,56
139,12,18,O,57,59
139,13,tuổi,O,60,64
139,14,",",O,65,66
139,15,trong,O,67,72
139,16,dịp,O,73,76
139,17,quay,O,77,81
139,18,một,O,82,85
139,19,đoạn,O,86,90
139,20,quảng_cáo,O,91,100
139,21,truyền_hình,O,101,112
139,22,vào,O,113,116
139,23,năm,O,117,120
139,24,2012,O,121,125
139,25,.,O,126,127
140,1,Xuất_hiện,O,0,9
140,2,tại,O,10,13
140,3,chương_trình_Sing_My_Song,O,14,39
140,4,như,O,40,43
140,5,một,O,44,47
140,6,“,O,48,49
140,7,hiện_tượng,O,50,60
140,8,”,O,61,62
140,9,với,O,63,66
140,10,ca_khúc,O,67,74
140,11,tự,O,75,77
140,12,sáng_tác,O,78,86
140,13,–,O,87,88
140,14,Chí_Phèo,B-PERSON,89,97
140,15,",",O,98,99
140,16,Bùi_Công_Nam,B-PERSON,100,112
140,17,đã,O,113,115
140,18,chiếm,O,116,121
140,19,được,O,122,126
140,20,cảm_tình,O,127,135
140,21,của,O,136,139
140,22,đông_đảo_khán_giả,O,140,157
140,23,cũng,O,158,162
140,24,như,O,163,166
140,25,nhận,O,167,171
140,26,được,O,172,176
140,27,sự,O,177,179
140,28,đánh_giá_cao,O,180,192
140,29,của,O,193,196
140,30,những,O,197,202
140,31,người,O,203,208
140,32,có,O,209,211
140,33,chuyên_môn,O,212,222
140,34,.,O,223,224
141,1,Chỉ,O,0,3
141,2,cơ_quan,O,4,11
141,3,điều_tra,O,12,20
141,4,",",O,20,21
141,5,những,O,22,27
141,6,người_thân_cận,O,28,42
141,7,nhất,O,43,47
141,8,trong,O,48,53
141,9,gia_đình,O,54,62
141,10,mới,O,63,66
141,11,được,O,67,71
141,12,tiếp_xúc,O,72,80
141,13,với,O,81,84
141,14,nạn_nhân,O,85,93
141,15,Mão,B-PERSON,94,97
141,16,.,O,97,98
142,1,Chị,O,0,3
142,2,Đ,B-PERSON,4,5
142,3,đã,O,6,8
142,4,phải,O,9,13
142,5,xin,O,14,17
142,6,trả,O,18,21
142,7,trước,O,22,27
142,8,30,O,28,30
142,9,triệu,O,31,36
142,10,đồng,O,37,41
142,11,",",O,41,42
142,12,số,O,43,45
142,13,tiền,O,46,50
142,14,còn,O,51,54
142,15,lại,O,55,58
142,16,thì,O,59,62
142,17,sẽ,O,63,65
142,18,trả,O,66,69
142,19,dần,O,70,73
142,20,và,O,74,76
142,21,Quân,B-PERSON,77,81
142,22,đồng_ý,O,82,88
142,23,.,O,88,89
143,1,Sau,O,0,3
143,2,khi,O,4,7
143,3,lấy,O,8,11
143,4,được,O,12,16
143,5,lòng_tin,O,17,25
143,6,của,O,26,29
143,7,bị,O,30,32
143,8,hại,O,33,36
143,9,",",O,36,37
143,10,Tùng,B-PERSON,38,42
143,11,nhiều,O,43,48
143,12,lần,O,49,52
143,13,yêu_cầu,O,53,60
143,14,anh,O,61,64
143,15,Thắng,B-PERSON,65,70
143,16,chuyển,O,71,77
143,17,tiền,O,78,82
143,18,cho,O,83,86
143,19,mình,O,87,91
143,20,(,O,92,93
143,21,tổng_số,O,93,100
143,22,tiền,O,101,105
143,23,là,O,106,108
143,24,12,O,109,111
143,25,.,O,111,112
143,26,700,O,112,115
143,27,.,O,115,116
143,28,000,O,116,119
143,29,đ,O,119,120
143,30,),O,120,121
143,31,với,O,122,125
143,32,lý_do,O,126,131
143,33,để,O,132,134
143,34,lo,O,135,137
143,35,việc,O,138,142
143,36,",",O,142,143
143,37,nhưng,O,144,149
143,38,thực_chất,O,150,159
143,39,là,O,160,162
143,40,sử_dụng,O,163,170
143,41,vào,O,171,174
143,42,mục_đích,O,175,183
143,43,cá_nhân,O,184,191
143,44,.,O,191,192
144,1,Do_đó,O,0,5
144,2,",",O,6,7
144,3,ông,O,8,11
144,4,Phong,B-PERSON,12,17
144,5,cho,O,18,21
144,6,rằng,O,22,26
144,7,cần,O,27,30
144,8,phải,O,31,35
144,9,nghiên_cứu,O,36,46
144,10,quy_hoạch,O,47,56
144,11,phát_triển,O,57,67
144,12,đô_thị,O,68,74
144,13,một_cách,O,75,83
144,14,tống_thể,O,84,92
144,15,mới,O,93,96
144,16,giải_quyết,O,97,107
144,17,được,O,108,112
144,18,bài_toán,O,113,121
144,19,giao_thông,O,122,132
144,20,.,O,133,134
145,1,Tháng,O,0,5
145,2,5,O,6,7
145,3,/,O,7,8
145,4,2021,O,8,12
145,5,",",O,12,13
145,6,TAND_TPHCM,B-ORGANIZATION,14,24
145,7,đã,O,25,27
145,8,tuyên_hủy,O,28,37
145,9,bản_án,O,38,44
145,10,sơ_thẩm,O,45,52
145,11,để,O,53,55
145,12,điều_tra,O,56,64
145,13,",",O,64,65
145,14,xét_xử,O,66,72
145,15,lại,O,73,76
145,16,.,O,76,77
146,1,Trong,O,0,5
146,2,tình_huống,O,6,16
146,3,mô_phỏng,O,17,25
146,4,đào_tạo,O,26,33
146,5,001,O,34,37
146,6,",",O,37,38
146,7,Nguyễn_Minh_An,B-PERSON,39,53
146,8,gửi,O,54,57
146,9,hồ_sơ,O,58,63
146,10,đến,O,64,67
146,11,Công_ty,B-ORGANIZATION,68,75
146,12,mô_phỏng,I-ORGANIZATION,76,84
146,13,Sao_Bắc,I-ORGANIZATION,85,92
146,14,001,I-ORGANIZATION,93,96
146,15,tại,O,97,100
146,16,Phường,B-LOCATION,101,107
146,17,Mẫu,I-LOCATION,108,111
146,18,001,I-LOCATION,112,115
146,19,.,O,115,116
147,1,Biên_bản,O,0,8
147,2,giả_lập,O,9,16
147,3,đào_tạo,O,17,24
147,4,002,O,25,28
147,5,ghi_nhận,O,29,37
147,6,Công_ty,B-ORGANIZATION,38,45
147,7,mô_phỏng,I-ORGANIZATION,46,54
147,8,Sao_Bắc,I-ORGANIZATION,55,62
147,9,002,I-ORGANIZATION,63,66
147,10,tiếp_nhận,O,67,76
147,11,tài_liệu,O,77,85
147,12,của,O,86,89
147,13,Trần_Minh_An,B-PERSON,90,102
147,14,ở,O,103,104
147,15,Phường,B-LOCATION,105,111
147,16,Mẫu,I-LOCATION,112,115
147,17,002,I-LOCATION,116,119
147,18,.,O,119,120
148,1,Tại,O,0,3
148,2,Phường,B-LOCATION,4,10
148,3,Mẫu,I-LOCATION,11,14
148,4,003,I-LOCATION,15,18
148,5,",",O,18,19
148,6,Lê_Minh_An,B-PERSON,20,30
148,7,trao_đổi,O,31,39
148,8,biểu_mẫu,O,40,48
148,9,với,O,49,52
148,10,Công_ty,B-ORGANIZATION,53,60
148,11,mô_phỏng,I-ORGANIZATION,61,69
148,12,Sao_Bắc,I-ORGANIZATION,70,77
148,13,003,I-ORGANIZATION,78,81
148,14,trong,O,82,87
148,15,buổi,O,88,92
148,16,diễn_tập,O,93,101
148,17,đào_tạo,O,102,109
148,18,003,O,110,113
148,19,.,O,113,114
149,1,Hồ_sơ,O,0,5
149,2,minh_họa,O,6,14
149,3,đào_tạo,O,15,22
149,4,004,O,23,26
149,5,cho,O,27,30
149,6,biết,O,31,35
149,7,Phạm_Minh_An,B-PERSON,36,48
149,8,làm_việc,O,49,57
149,9,với,O,58,61
149,10,Công_ty,B-ORGANIZATION,62,69
149,11,mô_phỏng,I-ORGANIZATION,70,78
149,12,Sao_Bắc,I-ORGANIZATION,79,86
149,13,004,I-ORGANIZATION,87,90
149,14,tại,O,91,94
149,15,Phường,B-LOCATION,95,101
149,16,Mẫu,I-LOCATION,102,105
149,17,004,I-LOCATION,106,109
149,18,.,O,109,110
150,1,Trong,O,0,5
150,2,kịch_bản,O,6,14
150,3,thử_nghiệm,O,15,25
150,4,đào_tạo,O,26,33
150,5,005,O,34,37
150,6,",",O,37,38
150,7,Công_ty,B-ORGANIZATION,39,46
150,8,mô_phỏng,I-ORGANIZATION,47,55
150,9,Sao_Bắc,I-ORGANIZATION,56,63
150,10,005,I-ORGANIZATION,64,67
150,11,phối_hợp,O,68,76
150,12,với,O,77,80
150,13,Hoàng_Minh_An,B-PERSON,81,94
150,14,ở,O,95,96
150,15,Phường,B-LOCATION,97,103
150,16,Mẫu,I-LOCATION,104,107
150,17,005,I-LOCATION,108,111
150,18,.,O,111,112
151,1,Tại,O,0,3
151,2,Phường,B-LOCATION,4,10
151,3,Mẫu,I-LOCATION,11,14
151,4,006,I-LOCATION,15,18
151,5,",",O,18,19
151,6,Công_ty,B-ORGANIZATION,20,27
151,7,mô_phỏng,I-ORGANIZATION,28,36
151,8,Sao_Bắc,I-ORGANIZATION,37,44
151,9,006,I-ORGANIZATION,45,48
151,10,nhận,O,49,53
151,11,phiếu,O,54,59
151,12,do,O,60,62
151,13,Phan,B-PERSON,63,67
151,14,Minh,I-PERSON,68,72
151,15,An,I-PERSON,73,75
151,16,chuyển,O,76,82
151,17,đến,O,83,86
151,18,theo,O,87,91
151,19,mẫu,O,92,95
151,20,đào_tạo,O,96,103
151,21,006,O,104,107
151,22,.,O,107,108
152,1,Trong,O,0,5
152,2,tình_huống,O,6,16
152,3,mô_phỏng,O,17,25
152,4,đào_tạo,O,26,33
152,5,007,O,34,37
152,6,",",O,37,38
152,7,Vũ_Minh_An,B-PERSON,39,49
152,8,gửi,O,50,53
152,9,hồ_sơ,O,54,59
152,10,đến,O,60,63
152,11,Công_ty,B-ORGANIZATION,64,71
152,12,mô_phỏng,I-ORGANIZATION,72,80
152,13,Sao_Bắc,I-ORGANIZATION,81,88
152,14,007,I-ORGANIZATION,89,92
152,15,tại,O,93,96
152,16,Phường,B-LOCATION,97,103
152,17,Mẫu,I-LOCATION,104,107
152,18,007,I-LOCATION,108,111
152,19,.,O,111,112
153,1,Biên_bản,O,0,8
153,2,giả_lập,O,9,16
153,3,đào_tạo,O,17,24
153,4,008,O,25,28
153,5,ghi_nhận,O,29,37
153,6,Công_ty,B-ORGANIZATION,38,45
153,7,mô_phỏng,I-ORGANIZATION,46,54
153,8,Sao_Bắc,I-ORGANIZATION,55,62
153,9,008,I-ORGANIZATION,63,66
153,10,tiếp_nhận,O,67,76
153,11,tài_liệu,O,77,85
153,12,của,O,86,89
153,13,Đặng_Minh_An,B-PERSON,90,102
153,14,ở,O,103,104
153,15,Phường,B-LOCATION,105,111
153,16,Mẫu,I-LOCATION,112,115
153,17,008,I-LOCATION,116,119
153,18,.,O,119,120
154,1,Tại,O,0,3
154,2,Phường,B-LOCATION,4,10
154,3,Mẫu,I-LOCATION,11,14
154,4,009,I-LOCATION,15,18
154,5,",",O,18,19
154,6,Bùi_Minh_An,B-PERSON,20,31
154,7,trao_đổi,O,32,40
154,8,biểu_mẫu,O,41,49
154,9,với,O,50,53
154,10,Công_ty,B-ORGANIZATION,54,61
154,11,mô_phỏng,I-ORGANIZATION,62,70
154,12,Sao_Bắc,I-ORGANIZATION,71,78
154,13,009,I-ORGANIZATION,79,82
154,14,trong,O,83,88
154,15,buổi,O,89,93
154,16,diễn_tập,O,94,102
154,17,đào_tạo,O,103,110
154,18,009,O,111,114
154,19,.,O,114,115
155,1,Hồ_sơ,O,0,5
155,2,minh_họa,O,6,14
155,3,đào_tạo,O,15,22
155,4,010,O,23,26
155,5,cho,O,27,30
155,6,biết,O,31,35
155,7,Đỗ_Minh_An,B-PERSON,36,46
155,8,làm_việc,O,47,55
155,9,với,O,56,59
155,10,Công_ty,B-ORGANIZATION,60,67
155,11,mô_phỏng,I-ORGANIZATION,68,76
155,12,Sao_Bắc,I-ORGANIZATION,77,84
155,13,010,I-ORGANIZATION,85,88
155,14,tại,O,89,92
155,15,Phường,B-LOCATION,93,99
155,16,Mẫu,I-LOCATION,100,103
155,17,010,I-LOCATION,104,107
155,18,.,O,107,108
156,1,Trong,O,0,5
156,2,kịch_bản,O,6,14
156,3,thử_nghiệm,O,15,25
156,4,đào_tạo,O,26,33
156,5,011,O,34,37
156,6,",",O,37,38
156,7,Công_ty,B-ORGANIZATION,39,46
156,8,mô_phỏng,I-ORGANIZATION,47,55
156,9,Sao_Bắc,I-ORGANIZATION,56,63
156,10,011,I-ORGANIZATION,64,67
156,11,phối_hợp,O,68,76
156,12,với,O,77,80
156,13,Nguyễn_Minh_Bình,B-PERSON,81,97
156,14,ở,O,98,99
156,15,Phường,B-LOCATION,100,106
156,16,Mẫu,I-LOCATION,107,110
156,17,011,I-LOCATION,111,114
156,18,.,O,114,115
157,1,Tại,O,0,3
157,2,Phường,B-LOCATION,4,10
157,3,Mẫu,I-LOCATION,11,14
157,4,012,I-LOCATION,15,18
157,5,",",O,18,19
157,6,Công_ty,B-ORGANIZATION,20,27
157,7,mô_phỏng,I-ORGANIZATION,28,36
157,8,Sao_Bắc,I-ORGANIZATION,37,44
157,9,012,I-ORGANIZATION,45,48
157,10,nhận,O,49,53
157,11,phiếu,O,54,59
157,12,do,O,60,62
157,13,Trần,B-PERSON,63,67
157,14,Minh,I-PERSON,68,72
157,15,Bình,I-PERSON,73,77
157,16,chuyển,O,78,84
157,17,đến,O,85,88
157,18,theo,O,89,93
157,19,mẫu,O,94,97
157,20,đào_tạo,O,98,105
157,21,012,O,106,109
157,22,.,O,109,110
158,1,Trong,O,0,5
158,2,tình_huống,O,6,16
158,3,mô_phỏng,O,17,25
158,4,đào_tạo,O,26,33
158,5,013,O,34,37
158,6,",",O,37,38
158,7,Lê_Minh_Bình,B-PERSON,39,51
158,8,gửi,O,52,55
158,9,hồ_sơ,O,56,61
158,10,đến,O,62,65
158,11,Công_ty,B-ORGANIZATION,66,73
158,12,mô_phỏng,I-ORGANIZATION,74,82
158,13,Sao_Bắc,I-ORGANIZATION,83,90
158,14,013,I-ORGANIZATION,91,94
158,15,tại,O,95,98
158,16,Phường,B-LOCATION,99,105
158,17,Mẫu,I-LOCATION,106,109
158,18,013,I-LOCATION,110,113
158,19,.,O,113,114
159,1,Biên_bản,O,0,8
159,2,giả_lập,O,9,16
159,3,đào_tạo,O,17,24
159,4,014,O,25,28
159,5,ghi_nhận,O,29,37
159,6,Công_ty,B-ORGANIZATION,38,45
159,7,mô_phỏng,I-ORGANIZATION,46,54
159,8,Sao_Bắc,I-ORGANIZATION,55,62
159,9,014,I-ORGANIZATION,63,66
159,10,tiếp_nhận,O,67,76
159,11,tài_liệu,O,77,85
159,12,của,O,86,89
159,13,Phạm_Minh_Bình,B-PERSON,90,104
159,14,ở,O,105,106
159,15,Phường,B-LOCATION,107,113
159,16,Mẫu,I-LOCATION,114,117
159,17,014,I-LOCATION,118,121
159,18,.,O,121,122
160,1,Tại,O,0,3
160,2,Phường,B-LOCATION,4,10
160,3,Mẫu,I-LOCATION,11,14
160,4,015,I-LOCATION,15,18
160,5,",",O,18,19
160,6,Hoàng_Minh_Bình,B-PERSON,20,35
160,7,trao_đổi,O,36,44
160,8,biểu_mẫu,O,45,53
160,9,với,O,54,57
160,10,Công_ty,B-ORGANIZATION,58,65
160,11,mô_phỏng,I-ORGANIZATION,66,74
160,12,Sao_Bắc,I-ORGANIZATION,75,82
160,13,015,I-ORGANIZATION,83,86
160,14,trong,O,87,92
160,15,buổi,O,93,97
160,16,diễn_tập,O,98,106
160,17,đào_tạo,O,107,114
160,18,015,O,115,118
160,19,.,O,118,119
161,1,Hồ_sơ,O,0,5
161,2,minh_họa,O,6,14
161,3,đào_tạo,O,15,22
161,4,016,O,23,26
161,5,cho,O,27,30
161,6,biết,O,31,35
161,7,Phan_Minh_Bình,B-PERSON,36,50
161,8,làm_việc,O,51,59
161,9,với,O,60,63
161,10,Công_ty,B-ORGANIZATION,64,71
161,11,mô_phỏng,I-ORGANIZATION,72,80
161,12,Sao_Bắc,I-ORGANIZATION,81,88
161,13,016,I-ORGANIZATION,89,92
161,14,tại,O,93,96
161,15,Phường,B-LOCATION,97,103
161,16,Mẫu,I-LOCATION,104,107
161,17,016,I-LOCATION,108,111
161,18,.,O,111,112
162,1,Trong,O,0,5
162,2,kịch_bản,O,6,14
162,3,thử_nghiệm,O,15,25
162,4,đào_tạo,O,26,33
162,5,017,O,34,37
162,6,",",O,37,38
162,7,Công_ty,B-ORGANIZATION,39,46
162,8,mô_phỏng,I-ORGANIZATION,47,55
162,9,Sao_Bắc,I-ORGANIZATION,56,63
162,10,017,I-ORGANIZATION,64,67
162,11,phối_hợp,O,68,76
162,12,với,O,77,80
162,13,Vũ_Minh_Bình,B-PERSON,81,93
162,14,ở,O,94,95
162,15,Phường,B-LOCATION,96,102
162,16,Mẫu,I-LOCATION,103,106
162,17,017,I-LOCATION,107,110
162,18,.,O,110,111
163,1,Tại,O,0,3
163,2,Phường,B-LOCATION,4,10
163,3,Mẫu,I-LOCATION,11,14
163,4,018,I-LOCATION,15,18
163,5,",",O,18,19
163,6,Công_ty,B-ORGANIZATION,20,27
163,7,mô_phỏng,I-ORGANIZATION,28,36
163,8,Sao_Bắc,I-ORGANIZATION,37,44
163,9,018,I-ORGANIZATION,45,48
163,10,nhận,O,49,53
163,11,phiếu,O,54,59
163,12,do,O,60,62
163,13,Đặng,B-PERSON,63,67
163,14,Minh,I-PERSON,68,72
163,15,Bình,I-PERSON,73,77
163,16,chuyển,O,78,84
163,17,đến,O,85,88
163,18,theo,O,89,93
163,19,mẫu,O,94,97
163,20,đào_tạo,O,98,105
163,21,018,O,106,109
163,22,.,O,109,110
164,1,Trong,O,0,5
164,2,tình_huống,O,6,16
164,3,mô_phỏng,O,17,25
164,4,đào_tạo,O,26,33
164,5,019,O,34,37
164,6,",",O,37,38
164,7,Bùi_Minh_Bình,B-PERSON,39,52
164,8,gửi,O,53,56
164,9,hồ_sơ,O,57,62
164,10,đến,O,63,66
164,11,Công_ty,B-ORGANIZATION,67,74
164,12,mô_phỏng,I-ORGANIZATION,75,83
164,13,Sao_Bắc,I-ORGANIZATION,84,91
164,14,019,I-ORGANIZATION,92,95
164,15,tại,O,96,99
164,16,Phường,B-LOCATION,100,106
164,17,Mẫu,I-LOCATION,107,110
164,18,019,I-LOCATION,111,114
164,19,.,O,114,115
165,1,Biên_bản,O,0,8
165,2,giả_lập,O,9,16
165,3,đào_tạo,O,17,24
165,4,020,O,25,28
165,5,ghi_nhận,O,29,37
165,6,Công_ty,B-ORGANIZATION,38,45
165,7,mô_phỏng,I-ORGANIZATION,46,54
165,8,Sao_Bắc,I-ORGANIZATION,55,62
165,9,020,I-ORGANIZATION,63,66
165,10,tiếp_nhận,O,67,76
165,11,tài_liệu,O,77,85
165,12,của,O,86,89
165,13,Đỗ_Minh_Bình,B-PERSON,90,102
165,14,ở,O,103,104
165,15,Phường,B-LOCATION,105,111
165,16,Mẫu,I-LOCATION,112,115
165,17,020,I-LOCATION,116,119
165,18,.,O,119,120
166,1,Tại,O,0,3
166,2,Phường,B-LOCATION,4,10
166,3,Mẫu,I-LOCATION,11,14
166,4,021,I-LOCATION,15,18
166,5,",",O,18,19
166,6,Nguyễn_Minh_Chi,B-PERSON,20,35
166,7,trao_đổi,O,36,44
166,8,biểu_mẫu,O,45,53
166,9,với,O,54,57
166,10,Công_ty,B-ORGANIZATION,58,65
166,11,mô_phỏng,I-ORGANIZATION,66,74
166,12,Sao_Bắc,I-ORGANIZATION,75,82
166,13,021,I-ORGANIZATION,83,86
166,14,trong,O,87,92
166,15,buổi,O,93,97
166,16,diễn_tập,O,98,106
166,17,đào_tạo,O,107,114
166,18,021,O,115,118
166,19,.,O,118,119
167,1,Hồ_sơ,O,0,5
167,2,minh_họa,O,6,14
167,3,đào_tạo,O,15,22
167,4,022,O,23,26
167,5,cho,O,27,30
167,6,biết,O,31,35
167,7,Trần_Minh_Chi,B-PERSON,36,49
167,8,làm_việc,O,50,58
167,9,với,O,59,62
167,10,Công_ty,B-ORGANIZATION,63,70
167,11,mô_phỏng,I-ORGANIZATION,71,79
167,12,Sao_Bắc,I-ORGANIZATION,80,87
167,13,022,I-ORGANIZATION,88,91
167,14,tại,O,92,95
167,15,Phường,B-LOCATION,96,102
167,16,Mẫu,I-LOCATION,103,106
167,17,022,I-LOCATION,107,110
167,18,.,O,110,111
168,1,Trong,O,0,5
168,2,kịch_bản,O,6,14
168,3,thử_nghiệm,O,15,25
168,4,đào_tạo,O,26,33
168,5,023,O,34,37
168,6,",",O,37,38
168,7,Công_ty,B-ORGANIZATION,39,46
168,8,mô_phỏng,I-ORGANIZATION,47,55
168,9,Sao_Bắc,I-ORGANIZATION,56,63
168,10,023,I-ORGANIZATION,64,67
168,11,phối_hợp,O,68,76
168,12,với,O,77,80
168,13,Lê_Minh_Chi,B-PERSON,81,92
168,14,ở,O,93,94
168,15,Phường,B-LOCATION,95,101
168,16,Mẫu,I-LOCATION,102,105
168,17,023,I-LOCATION,106,109
168,18,.,O,109,110
169,1,Tại,O,0,3
169,2,Phường,B-LOCATION,4,10
169,3,Mẫu,I-LOCATION,11,14
169,4,024,I-LOCATION,15,18
169,5,",",O,18,19
169,6,Công_ty,B-ORGANIZATION,20,27
169,7,mô_phỏng,I-ORGANIZATION,28,36
169,8,Sao_Bắc,I-ORGANIZATION,37,44
169,9,024,I-ORGANIZATION,45,48
169,10,nhận,O,49,53
169,11,phiếu,O,54,59
169,12,do,O,60,62
169,13,Phạm_Minh_Chi,B-PERSON,63,76
169,14,chuyển,O,77,83
169,15,đến,O,84,87
169,16,theo,O,88,92
169,17,mẫu,O,93,96
169,18,đào_tạo,O,97,104
169,19,024,O,105,108
169,20,.,O,108,109
170,1,Trong,O,0,5
170,2,tình_huống,O,6,16
170,3,mô_phỏng,O,17,25
170,4,đào_tạo,O,26,33
170,5,025,O,34,37
170,6,",",O,37,38
170,7,Hoàng_Minh_Chi,B-PERSON,39,53
170,8,gửi,O,54,57
170,9,hồ_sơ,O,58,63
170,10,đến,O,64,67
170,11,Công_ty,B-ORGANIZATION,68,75
170,12,mô_phỏng,I-ORGANIZATION,76,84
170,13,Sao_Bắc,I-ORGANIZATION,85,92
170,14,025,I-ORGANIZATION,93,96
170,15,tại,O,97,100
170,16,Phường,B-LOCATION,101,107
170,17,Mẫu,I-LOCATION,108,111
170,18,025,I-LOCATION,112,115
170,19,.,O,115,116
171,1,Biên_bản,O,0,8
171,2,giả_lập,O,9,16
171,3,đào_tạo,O,17,24
171,4,026,O,25,28
171,5,ghi_nhận,O,29,37
171,6,Công_ty,B-ORGANIZATION,38,45
171,7,mô_phỏng,I-ORGANIZATION,46,54
171,8,Sao_Bắc,I-ORGANIZATION,55,62
171,9,026,I-ORGANIZATION,63,66
171,10,tiếp_nhận,O,67,76
171,11,tài_liệu,O,77,85
171,12,của,O,86,89
171,13,Phan_Minh_Chi,B-PERSON,90,103
171,14,ở,O,104,105
171,15,Phường,B-LOCATION,106,112
171,16,Mẫu,I-LOCATION,113,116
171,17,026,I-LOCATION,117,120
171,18,.,O,120,121
172,1,Tại,O,0,3
172,2,Phường,B-LOCATION,4,10
172,3,Mẫu,I-LOCATION,11,14
172,4,027,I-LOCATION,15,18
172,5,",",O,18,19
172,6,Vũ_Minh_Chi,B-PERSON,20,31
172,7,trao_đổi,O,32,40
172,8,biểu_mẫu,O,41,49
172,9,với,O,50,53
172,10,Công_ty,B-ORGANIZATION,54,61
172,11,mô_phỏng,I-ORGANIZATION,62,70
172,12,Sao_Bắc,I-ORGANIZATION,71,78
172,13,027,I-ORGANIZATION,79,82
172,14,trong,O,83,88
172,15,buổi,O,89,93
172,16,diễn_tập,O,94,102
172,17,đào_tạo,O,103,110
172,18,027,O,111,114
172,19,.,O,114,115
173,1,Hồ_sơ,O,0,5
173,2,minh_họa,O,6,14
173,3,đào_tạo,O,15,22
173,4,028,O,23,26
173,5,cho,O,27,30
173,6,biết,O,31,35
173,7,Đặng_Minh_Chi,B-PERSON,36,49
173,8,làm_việc,O,50,58
173,9,với,O,59,62
173,10,Công_ty,B-ORGANIZATION,63,70
173,11,mô_phỏng,I-ORGANIZATION,71,79
173,12,Sao_Bắc,I-ORGANIZATION,80,87
173,13,028,I-ORGANIZATION,88,91
173,14,tại,O,92,95
173,15,Phường,B-LOCATION,96,102
173,16,Mẫu,I-LOCATION,103,106
173,17,028,I-LOCATION,107,110
173,18,.,O,110,111
174,1,Trong,O,0,5
174,2,kịch_bản,O,6,14
174,3,thử_nghiệm,O,15,25
174,4,đào_tạo,O,26,33
174,5,029,O,34,37
174,6,",",O,37,38
174,7,Công_ty,B-ORGANIZATION,39,46
174,8,mô_phỏng,I-ORGANIZATION,47,55
174,9,Sao_Bắc,I-ORGANIZATION,56,63
174,10,029,I-ORGANIZATION,64,67
174,11,phối_hợp,O,68,76
174,12,với,O,77,80
174,13,Bùi_Minh_Chi,B-PERSON,81,93
174,14,ở,O,94,95
174,15,Phường,B-LOCATION,96,102
174,16,Mẫu,I-LOCATION,103,106
174,17,029,I-LOCATION,107,110
174,18,.,O,110,111
175,1,Tại,O,0,3
175,2,Phường,B-LOCATION,4,10
175,3,Mẫu,I-LOCATION,11,14
175,4,030,I-LOCATION,15,18
175,5,",",O,18,19
175,6,Công_ty,B-ORGANIZATION,20,27
175,7,mô_phỏng,I-ORGANIZATION,28,36
175,8,Sao_Bắc,I-ORGANIZATION,37,44
175,9,030,I-ORGANIZATION,45,48
175,10,nhận,O,49,53
175,11,phiếu,O,54,59
175,12,do,O,60,62
175,13,Đỗ_Minh_Chi,B-PERSON,63,74
175,14,chuyển,O,75,81
175,15,đến,O,82,85
175,16,theo,O,86,90
175,17,mẫu,O,91,94
175,18,đào_tạo,O,95,102
175,19,030,O,103,106
175,20,.,O,106,107
176,1,Trong,O,0,5
176,2,tình_huống,O,6,16
176,3,mô_phỏng,O,17,25
176,4,đào_tạo,O,26,33
176,5,031,O,34,37
176,6,",",O,37,38
176,7,Nguyễn_Minh_Dũng,B-PERSON,39,55
176,8,gửi,O,56,59
176,9,hồ_sơ,O,60,65
176,10,đến,O,66,69
176,11,Công_ty,B-ORGANIZATION,70,77
176,12,mô_phỏng,I-ORGANIZATION,78,86
176,13,Sao_Bắc,I-ORGANIZATION,87,94
176,14,031,I-ORGANIZATION,95,98
176,15,tại,O,99,102
176,16,Phường,B-LOCATION,103,109
176,17,Mẫu,I-LOCATION,110,113
176,18,031,I-LOCATION,114,117
176,19,.,O,117,118
177,1,Biên_bản,O,0,8
177,2,giả_lập,O,9,16
177,3,đào_tạo,O,17,24
177,4,032,O,25,28
177,5,ghi_nhận,O,29,37
177,6,Công_ty,B-ORGANIZATION,38,45
177,7,mô_phỏng,I-ORGANIZATION,46,54
177,8,Sao_Bắc,I-ORGANIZATION,55,62
177,9,032,I-ORGANIZATION,63,66
177,10,tiếp_nhận,O,67,76
177,11,tài_liệu,O,77,85
177,12,của,O,86,89
177,13,Trần_Minh_Dũng,B-PERSON,90,104
177,14,ở,O,105,106
177,15,Phường,B-LOCATION,107,113
177,16,Mẫu,I-LOCATION,114,117
177,17,032,I-LOCATION,118,121
177,18,.,O,121,122
178,1,Tại,O,0,3
178,2,Phường,B-LOCATION,4,10
178,3,Mẫu,I-LOCATION,11,14
178,4,033,I-LOCATION,15,18
178,5,",",O,18,19
178,6,Lê_Minh_Dũng,B-PERSON,20,32
178,7,trao_đổi,O,33,41
178,8,biểu_mẫu,O,42,50
178,9,với,O,51,54
178,10,Công_ty,B-ORGANIZATION,55,62
178,11,mô_phỏng,I-ORGANIZATION,63,71
178,12,Sao_Bắc,I-ORGANIZATION,72,79
178,13,033,I-ORGANIZATION,80,83
178,14,trong,O,84,89
178,15,buổi,O,90,94
178,16,diễn_tập,O,95,103
178,17,đào_tạo,O,104,111
178,18,033,O,112,115
178,19,.,O,115,116
179,1,Hồ_sơ,O,0,5
179,2,minh_họa,O,6,14
179,3,đào_tạo,O,15,22
179,4,034,O,23,26
179,5,cho,O,27,30
179,6,biết,O,31,35
179,7,Phạm_Minh_Dũng,B-PERSON,36,50
179,8,làm_việc,O,51,59
179,9,với,O,60,63
179,10,Công_ty,B-ORGANIZATION,64,71
179,11,mô_phỏng,I-ORGANIZATION,72,80
179,12,Sao_Bắc,I-ORGANIZATION,81,88
179,13,034,I-ORGANIZATION,89,92
179,14,tại,O,93,96
179,15,Phường,B-LOCATION,97,103
179,16,Mẫu,I-LOCATION,104,107
179,17,034,I-LOCATION,108,111
179,18,.,O,111,112
180,1,Trong,O,0,5
180,2,kịch_bản,O,6,14
180,3,thử_nghiệm,O,15,25
180,4,đào_tạo,O,26,33
180,5,035,O,34,37
180,6,",",O,37,38
180,7,Công_ty,B-ORGANIZATION,39,46
180,8,mô_phỏng,I-ORGANIZATION,47,55
180,9,Sao_Bắc,I-ORGANIZATION,56,63
180,10,035,I-ORGANIZATION,64,67
180,11,phối_hợp,O,68,76
180,12,với,O,77,80
180,13,Hoàng_Minh_Dũng,B-PERSON,81,96
180,14,ở,O,97,98
180,15,Phường,B-LOCATION,99,105
180,16,Mẫu,I-LOCATION,106,109
180,17,035,I-LOCATION,110,113
180,18,.,O,113,114
181,1,Tại,O,0,3
181,2,Phường,B-LOCATION,4,10
181,3,Mẫu,I-LOCATION,11,14
181,4,036,I-LOCATION,15,18
181,5,",",O,18,19
181,6,Công_ty,B-ORGANIZATION,20,27
181,7,mô_phỏng,I-ORGANIZATION,28,36
181,8,Sao_Bắc,I-ORGANIZATION,37,44
181,9,036,I-ORGANIZATION,45,48
181,10,nhận,O,49,53
181,11,phiếu,O,54,59
181,12,do,O,60,62
181,13,Phan_Minh_Dũng,B-PERSON,63,77
181,14,chuyển,O,78,84
181,15,đến,O,85,88
181,16,theo,O,89,93
181,17,mẫu,O,94,97
181,18,đào_tạo,O,98,105
181,19,036,O,106,109
181,20,.,O,109,110
182,1,Trong,O,0,5
182,2,tình_huống,O,6,16
182,3,mô_phỏng,O,17,25
182,4,đào_tạo,O,26,33
182,5,037,O,34,37
182,6,",",O,37,38
182,7,Vũ_Minh_Dũng,B-PERSON,39,51
182,8,gửi,O,52,55
182,9,hồ_sơ,O,56,61
182,10,đến,O,62,65
182,11,Công_ty,B-ORGANIZATION,66,73
182,12,mô_phỏng,I-ORGANIZATION,74,82
182,13,Sao_Bắc,I-ORGANIZATION,83,90
182,14,037,I-ORGANIZATION,91,94
182,15,tại,O,95,98
182,16,Phường,B-LOCATION,99,105
182,17,Mẫu,I-LOCATION,106,109
182,18,037,I-LOCATION,110,113
182,19,.,O,113,114
183,1,Biên_bản,O,0,8
183,2,giả_lập,O,9,16
183,3,đào_tạo,O,17,24
183,4,038,O,25,28
183,5,ghi_nhận,O,29,37
183,6,Công_ty,B-ORGANIZATION,38,45
183,7,mô_phỏng,I-ORGANIZATION,46,54
183,8,Sao_Bắc,I-ORGANIZATION,55,62
183,9,038,I-ORGANIZATION,63,66
183,10,tiếp_nhận,O,67,76
183,11,tài_liệu,O,77,85
183,12,của,O,86,89
183,13,Đặng_Minh_Dũng,B-PERSON,90,104
183,14,ở,O,105,106
183,15,Phường,B-LOCATION,107,113
183,16,Mẫu,I-LOCATION,114,117
183,17,038,I-LOCATION,118,121
183,18,.,O,121,122
184,1,Tại,O,0,3
184,2,Phường,B-LOCATION,4,10
184,3,Mẫu,I-LOCATION,11,14
184,4,039,I-LOCATION,15,18
184,5,",",O,18,19
184,6,Bùi_Minh_Dũng,B-PERSON,20,33
184,7,trao_đổi,O,34,42
184,8,biểu_mẫu,O,43,51
184,9,với,O,52,55
184,10,Công_ty,B-ORGANIZATION,56,63
184,11,mô_phỏng,I-ORGANIZATION,64,72
184,12,Sao_Bắc,I-ORGANIZATION,73,80
184,13,039,I-ORGANIZATION,81,84
184,14,trong,O,85,90
184,15,buổi,O,91,95
184,16,diễn_tập,O,96,104
184,17,đào_tạo,O,105,112
184,18,039,O,113,116
184,19,.,O,116,117
185,1,Hồ_sơ,O,0,5
185,2,minh_họa,O,6,14
185,3,đào_tạo,O,15,22
185,4,040,O,23,26
185,5,cho,O,27,30
185,6,biết,O,31,35
185,7,Đỗ_Minh_Dũng,B-PERSON,36,48
185,8,làm_việc,O,49,57
185,9,với,O,58,61
185,10,Công_ty,B-ORGANIZATION,62,69
185,11,mô_phỏng,I-ORGANIZATION,70,78
185,12,Sao_Bắc,I-ORGANIZATION,79,86
185,13,040,I-ORGANIZATION,87,90
185,14,tại,O,91,94
185,15,Phường,B-LOCATION,95,101
185,16,Mẫu,I-LOCATION,102,105
185,17,040,I-LOCATION,106,109
185,18,.,O,109,110
186,1,Trong,O,0,5
186,2,kịch_bản,O,6,14
186,3,thử_nghiệm,O,15,25
186,4,đào_tạo,O,26,33
186,5,041,O,34,37
186,6,",",O,37,38
186,7,Công_ty,B-ORGANIZATION,39,46
186,8,mô_phỏng,I-ORGANIZATION,47,55
186,9,Sao_Bắc,I-ORGANIZATION,56,63
186,10,041,I-ORGANIZATION,64,67
186,11,phối_hợp,O,68,76
186,12,với,O,77,80
186,13,Nguyễn_Minh_Giang,B-PERSON,81,98
186,14,ở,O,99,100
186,15,Phường,B-LOCATION,101,107
186,16,Mẫu,I-LOCATION,108,111
186,17,041,I-LOCATION,112,115
186,18,.,O,115,116
187,1,Tại,O,0,3
187,2,Phường,B-LOCATION,4,10
187,3,Mẫu,I-LOCATION,11,14
187,4,042,I-LOCATION,15,18
187,5,",",O,18,19
187,6,Công_ty,B-ORGANIZATION,20,27
187,7,mô_phỏng,I-ORGANIZATION,28,36
187,8,Sao_Bắc,I-ORGANIZATION,37,44
187,9,042,I-ORGANIZATION,45,48
187,10,nhận,O,49,53
187,11,phiếu,O,54,59
187,12,do,O,60,62
187,13,Trần_Minh_Giang,B-PERSON,63,78
187,14,chuyển,O,79,85
187,15,đến,O,86,89
187,16,theo,O,90,94
187,17,mẫu,O,95,98
187,18,đào_tạo,O,99,106
187,19,042,O,107,110
187,20,.,O,110,111
188,1,Trong,O,0,5
188,2,tình_huống,O,6,16
188,3,mô_phỏng,O,17,25
188,4,đào_tạo,O,26,33
188,5,043,O,34,37
188,6,",",O,37,38
188,7,Lê_Minh_Giang,B-PERSON,39,52
188,8,gửi,O,53,56
188,9,hồ_sơ,O,57,62
188,10,đến,O,63,66
188,11,Công_ty,B-ORGANIZATION,67,74
188,12,mô_phỏng,I-ORGANIZATION,75,83
188,13,Sao_Bắc,I-ORGANIZATION,84,91
188,14,043,I-ORGANIZATION,92,95
188,15,tại,O,96,99
188,16,Phường,B-LOCATION,100,106
188,17,Mẫu,I-LOCATION,107,110
188,18,043,I-LOCATION,111,114
188,19,.,O,114,115
189,1,Biên_bản,O,0,8
189,2,giả_lập,O,9,16
189,3,đào_tạo,O,17,24
189,4,044,O,25,28
189,5,ghi_nhận,O,29,37
189,6,Công_ty,B-ORGANIZATION,38,45
189,7,mô_phỏng,I-ORGANIZATION,46,54
189,8,Sao_Bắc,I-ORGANIZATION,55,62
189,9,044,I-ORGANIZATION,63,66
189,10,tiếp_nhận,O,67,76
189,11,tài_liệu,O,77,85
189,12,của,O,86,89
189,13,Phạm_Minh_Giang,B-PERSON,90,105
189,14,ở,O,106,107
189,15,Phường,B-LOCATION,108,114
189,16,Mẫu,I-LOCATION,115,118
189,17,044,I-LOCATION,119,122
189,18,.,O,122,123
190,1,Tại,O,0,3
190,2,Phường,B-LOCATION,4,10
190,3,Mẫu,I-LOCATION,11,14
190,4,045,I-LOCATION,15,18
190,5,",",O,18,19
190,6,Hoàng_Minh_Giang,B-PERSON,20,36
190,7,trao_đổi,O,37,45
190,8,biểu_mẫu,O,46,54
190,9,với,O,55,58
190,10,Công_ty,B-ORGANIZATION,59,66
190,11,mô_phỏng,I-ORGANIZATION,67,75
190,12,Sao_Bắc,I-ORGANIZATION,76,83
190,13,045,I-ORGANIZATION,84,87
190,14,trong,O,88,93
190,15,buổi,O,94,98
190,16,diễn_tập,O,99,107
190,17,đào_tạo,O,108,115
190,18,045,O,116,119
190,19,.,O,119,120
191,1,Hồ_sơ,O,0,5
191,2,minh_họa,O,6,14
191,3,đào_tạo,O,15,22
191,4,046,O,23,26
191,5,cho,O,27,30
191,6,biết,O,31,35
191,7,Phan_Minh_Giang,B-PERSON,36,51
191,8,làm_việc,O,52,60
191,9,với,O,61,64
191,10,Công_ty,B-ORGANIZATION,65,72
191,11,mô_phỏng,I-ORGANIZATION,73,81
191,12,Sao_Bắc,I-ORGANIZATION,82,89
191,13,046,I-ORGANIZATION,90,93
191,14,tại,O,94,97
191,15,Phường,B-LOCATION,98,104
191,16,Mẫu,I-LOCATION,105,108
191,17,046,I-LOCATION,109,112
191,18,.,O,112,113
192,1,Trong,O,0,5
192,2,kịch_bản,O,6,14
192,3,thử_nghiệm,O,15,25
192,4,đào_tạo,O,26,33
192,5,047,O,34,37
192,6,",",O,37,38
192,7,Công_ty,B-ORGANIZATION,39,46
192,8,mô_phỏng,I-ORGANIZATION,47,55
192,9,Sao_Bắc,I-ORGANIZATION,56,63
192,10,047,I-ORGANIZATION,64,67
192,11,phối_hợp,O,68,76
192,12,với,O,77,80
192,13,Vũ_Minh_Giang,B-PERSON,81,94
192,14,ở,O,95,96
192,15,Phường,B-LOCATION,97,103
192,16,Mẫu,I-LOCATION,104,107
192,17,047,I-LOCATION,108,111
192,18,.,O,111,112
193,1,Tại,O,0,3
193,2,Phường,B-LOCATION,4,10
193,3,Mẫu,I-LOCATION,11,14
193,4,048,I-LOCATION,15,18
193,5,",",O,18,19
193,6,Công_ty,B-ORGANIZATION,20,27
193,7,mô_phỏng,I-ORGANIZATION,28,36
193,8,Sao_Bắc,I-ORGANIZATION,37,44
193,9,048,I-ORGANIZATION,45,48
193,10,nhận,O,49,53
193,11,phiếu,O,54,59
193,12,do,O,60,62
193,13,Đặng_Minh_Giang,B-PERSON,63,78
193,14,chuyển,O,79,85
193,15,đến,O,86,89
193,16,theo,O,90,94
193,17,mẫu,O,95,98
193,18,đào_tạo,O,99,106
193,19,048,O,107,110
193,20,.,O,110,111
194,1,Trong,O,0,5
194,2,tình_huống,O,6,16
194,3,mô_phỏng,O,17,25
194,4,đào_tạo,O,26,33
194,5,049,O,34,37
194,6,",",O,37,38
194,7,Bùi_Minh_Giang,B-PERSON,39,53
194,8,gửi,O,54,57
194,9,hồ_sơ,O,58,63
194,10,đến,O,64,67
194,11,Công_ty,B-ORGANIZATION,68,75
194,12,mô_phỏng,I-ORGANIZATION,76,84
194,13,Sao_Bắc,I-ORGANIZATION,85,92
194,14,049,I-ORGANIZATION,93,96
194,15,tại,O,97,100
194,16,Phường,B-LOCATION,101,107
194,17,Mẫu,I-LOCATION,108,111
194,18,049,I-LOCATION,112,115
194,19,.,O,115,116
195,1,Biên_bản,O,0,8
195,2,giả_lập,O,9,16
195,3,đào_tạo,O,17,24
195,4,050,O,25,28
195,5,ghi_nhận,O,29,37
195,6,Công_ty,B-ORGANIZATION,38,45
195,7,mô_phỏng,I-ORGANIZATION,46,54
195,8,Sao_Bắc,I-ORGANIZATION,55,62
195,9,050,I-ORGANIZATION,63,66
195,10,tiếp_nhận,O,67,76
195,11,tài_liệu,O,77,85
195,12,của,O,86,89
195,13,Đỗ_Minh_Giang,B-PERSON,90,103
195,14,ở,O,104,105
195,15,Phường,B-LOCATION,106,112
195,16,Mẫu,I-LOCATION,113,116
195,17,050,I-LOCATION,117,120
195,18,.,O,120,121
196,1,Tại,O,0,3
196,2,Phường,B-LOCATION,4,10
196,3,Mẫu,I-LOCATION,11,14
196,4,051,I-LOCATION,15,18
196,5,",",O,18,19
196,6,Nguyễn_Minh_Hà,B-PERSON,20,34
196,7,trao_đổi,O,35,43
196,8,biểu_mẫu,O,44,52
196,9,với,O,53,56
196,10,Công_ty,B-ORGANIZATION,57,64
196,11,mô_phỏng,I-ORGANIZATION,65,73
196,12,Sao_Bắc,I-ORGANIZATION,74,81
196,13,051,I-ORGANIZATION,82,85
196,14,trong,O,86,91
196,15,buổi,O,92,96
196,16,diễn_tập,O,97,105
196,17,đào_tạo,O,106,113
196,18,051,O,114,117
196,19,.,O,117,118
197,1,Hồ_sơ,O,0,5
197,2,minh_họa,O,6,14
197,3,đào_tạo,O,15,22
197,4,052,O,23,26
197,5,cho,O,27,30
197,6,biết,O,31,35
197,7,Trần_Minh_Hà,B-PERSON,36,48
197,8,làm_việc,O,49,57
197,9,với,O,58,61
197,10,Công_ty,B-ORGANIZATION,62,69
197,11,mô_phỏng,I-ORGANIZATION,70,78
197,12,Sao_Bắc,I-ORGANIZATION,79,86
197,13,052,I-ORGANIZATION,87,90
197,14,tại,O,91,94
197,15,Phường,B-LOCATION,95,101
197,16,Mẫu,I-LOCATION,102,105
197,17,052,I-LOCATION,106,109
197,18,.,O,109,110
198,1,Trong,O,0,5
198,2,kịch_bản,O,6,14
198,3,thử_nghiệm,O,15,25
198,4,đào_tạo,O,26,33
198,5,053,O,34,37
198,6,",",O,37,38
198,7,Công_ty,B-ORGANIZATION,39,46
198,8,mô_phỏng,I-ORGANIZATION,47,55
198,9,Sao_Bắc,I-ORGANIZATION,56,63
198,10,053,I-ORGANIZATION,64,67
198,11,phối_hợp,O,68,76
198,12,với,O,77,80
198,13,Lê_Minh_Hà,B-PERSON,81,91
198,14,ở,O,92,93
198,15,Phường,B-LOCATION,94,100
198,16,Mẫu,I-LOCATION,101,104
198,17,053,I-LOCATION,105,108
198,18,.,O,108,109
199,1,Tại,O,0,3
199,2,Phường,B-LOCATION,4,10
199,3,Mẫu,I-LOCATION,11,14
199,4,054,I-LOCATION,15,18
199,5,",",O,18,19
199,6,Công_ty,B-ORGANIZATION,20,27
199,7,mô_phỏng,I-ORGANIZATION,28,36
199,8,Sao_Bắc,I-ORGANIZATION,37,44
199,9,054,I-ORGANIZATION,45,48
199,10,nhận,O,49,53
199,11,phiếu,O,54,59
199,12,do,O,60,62
199,13,Phạm,B-PERSON,63,67
199,14,Minh,I-PERSON,68,72
199,15,Hà,I-PERSON,73,75
199,16,chuyển,O,76,82
199,17,đến,O,83,86
199,18,theo,O,87,91
199,19,mẫu,O,92,95
199,20,đào_tạo,O,96,103
199,21,054,O,104,107
199,22,.,O,107,108
200,1,Trong,O,0,5
200,2,tình_huống,O,6,16
200,3,mô_phỏng,O,17,25
200,4,đào_tạo,O,26,33
200,5,055,O,34,37
200,6,",",O,37,38
200,7,Hoàng_Minh_Hà,B-PERSON,39,52
200,8,gửi,O,53,56
200,9,hồ_sơ,O,57,62
200,10,đến,O,63,66
200,11,Công_ty,B-ORGANIZATION,67,74
200,12,mô_phỏng,I-ORGANIZATION,75,83
200,13,Sao_Bắc,I-ORGANIZATION,84,91
200,14,055,I-ORGANIZATION,92,95
200,15,tại,O,96,99
200,16,Phường,B-LOCATION,100,106
200,17,Mẫu,I-LOCATION,107,110
200,18,055,I-LOCATION,111,114
200,19,.,O,114,115
201,1,Biên_bản,O,0,8
201,2,giả_lập,O,9,16
201,3,đào_tạo,O,17,24
201,4,056,O,25,28
201,5,ghi_nhận,O,29,37
201,6,Công_ty,B-ORGANIZATION,38,45
201,7,mô_phỏng,I-ORGANIZATION,46,54
201,8,Sao_Bắc,I-ORGANIZATION,55,62
201,9,056,I-ORGANIZATION,63,66
201,10,tiếp_nhận,O,67,76
201,11,tài_liệu,O,77,85
201,12,của,O,86,89
201,13,Phan_Minh_Hà,B-PERSON,90,102
201,14,ở,O,103,104
201,15,Phường,B-LOCATION,105,111
201,16,Mẫu,I-LOCATION,112,115
201,17,056,I-LOCATION,116,119
201,18,.,O,119,120
202,1,Tại,O,0,3
202,2,Phường,B-LOCATION,4,10
202,3,Mẫu,I-LOCATION,11,14
202,4,057,I-LOCATION,15,18
202,5,",",O,18,19
202,6,Vũ_Minh_Hà,B-PERSON,20,30
202,7,trao_đổi,O,31,39
202,8,biểu_mẫu,O,40,48
202,9,với,O,49,52
202,10,Công_ty,B-ORGANIZATION,53,60
202,11,mô_phỏng,I-ORGANIZATION,61,69
202,12,Sao_Bắc,I-ORGANIZATION,70,77
202,13,057,I-ORGANIZATION,78,81
202,14,trong,O,82,87
202,15,buổi,O,88,92
202,16,diễn_tập,O,93,101
202,17,đào_tạo,O,102,109
202,18,057,O,110,113
202,19,.,O,113,114
203,1,Hồ_sơ,O,0,5
203,2,minh_họa,O,6,14
203,3,đào_tạo,O,15,22
203,4,058,O,23,26
203,5,cho,O,27,30
203,6,biết,O,31,35
203,7,Đặng_Minh_Hà,B-PERSON,36,48
203,8,làm_việc,O,49,57
203,9,với,O,58,61
203,10,Công_ty,B-ORGANIZATION,62,69
203,11,mô_phỏng,I-ORGANIZATION,70,78
203,12,Sao_Bắc,I-ORGANIZATION,79,86
203,13,058,I-ORGANIZATION,87,90
203,14,tại,O,91,94
203,15,Phường,B-LOCATION,95,101
203,16,Mẫu,I-LOCATION,102,105
203,17,058,I-LOCATION,106,109
203,18,.,O,109,110
204,1,Trong,O,0,5
204,2,kịch_bản,O,6,14
204,3,thử_nghiệm,O,15,25
204,4,đào_tạo,O,26,33
204,5,059,O,34,37
204,6,",",O,37,38
204,7,Công_ty,B-ORGANIZATION,39,46
204,8,mô_phỏng,I-ORGANIZATION,47,55
204,9,Sao_Bắc,I-ORGANIZATION,56,63
204,10,059,I-ORGANIZATION,64,67
204,11,phối_hợp,O,68,76
204,12,với,O,77,80
204,13,Bùi_Minh_Hà,B-PERSON,81,92
204,14,ở,O,93,94
204,15,Phường,B-LOCATION,95,101
204,16,Mẫu,I-LOCATION,102,105
204,17,059,I-LOCATION,106,109
204,18,.,O,109,110
205,1,Tại,O,0,3
205,2,Phường,B-LOCATION,4,10
205,3,Mẫu,I-LOCATION,11,14
205,4,060,I-LOCATION,15,18
205,5,",",O,18,19
205,6,Công_ty,B-ORGANIZATION,20,27
205,7,mô_phỏng,I-ORGANIZATION,28,36
205,8,Sao_Bắc,I-ORGANIZATION,37,44
205,9,060,I-ORGANIZATION,45,48
205,10,nhận,O,49,53
205,11,phiếu,O,54,59
205,12,do,O,60,62
205,13,Đỗ,B-PERSON,63,65
205,14,Minh,I-PERSON,66,70
205,15,Hà,I-PERSON,71,73
205,16,chuyển,O,74,80
205,17,đến,O,81,84
205,18,theo,O,85,89
205,19,mẫu,O,90,93
205,20,đào_tạo,O,94,101
205,21,060,O,102,105
205,22,.,O,105,106
206,1,Trong,O,0,5
206,2,tình_huống,O,6,16
206,3,mô_phỏng,O,17,25
206,4,đào_tạo,O,26,33
206,5,061,O,34,37
206,6,",",O,37,38
206,7,Nguyễn_Minh_Khanh,B-PERSON,39,56
206,8,gửi,O,57,60
206,9,hồ_sơ,O,61,66
206,10,đến,O,67,70
206,11,Công_ty,B-ORGANIZATION,71,78
206,12,mô_phỏng,I-ORGANIZATION,79,87
206,13,Sao_Bắc,I-ORGANIZATION,88,95
206,14,061,I-ORGANIZATION,96,99
206,15,tại,O,100,103
206,16,Phường,B-LOCATION,104,110
206,17,Mẫu,I-LOCATION,111,114
206,18,061,I-LOCATION,115,118
206,19,.,O,118,119
207,1,Biên_bản,O,0,8
207,2,giả_lập,O,9,16
207,3,đào_tạo,O,17,24
207,4,062,O,25,28
207,5,ghi_nhận,O,29,37
207,6,Công_ty,B-ORGANIZATION,38,45
207,7,mô_phỏng,I-ORGANIZATION,46,54
207,8,Sao_Bắc,I-ORGANIZATION,55,62
207,9,062,I-ORGANIZATION,63,66
207,10,tiếp_nhận,O,67,76
207,11,tài_liệu,O,77,85
207,12,của,O,86,89
207,13,Trần_Minh_Khanh,B-PERSON,90,105
207,14,ở,O,106,107
207,15,Phường,B-LOCATION,108,114
207,16,Mẫu,I-LOCATION,115,118
207,17,062,I-LOCATION,119,122
207,18,.,O,122,123
208,1,Tại,O,0,3
208,2,Phường,B-LOCATION,4,10
208,3,Mẫu,I-LOCATION,11,14
208,4,063,I-LOCATION,15,18
208,5,",",O,18,19
208,6,Lê_Minh_Khanh,B-PERSON,20,33
208,7,trao_đổi,O,34,42
208,8,biểu_mẫu,O,43,51
208,9,với,O,52,55
208,10,Công_ty,B-ORGANIZATION,56,63
208,11,mô_phỏng,I-ORGANIZATION,64,72
208,12,Sao_Bắc,I-ORGANIZATION,73,80
208,13,063,I-ORGANIZATION,81,84
208,14,trong,O,85,90
208,15,buổi,O,91,95
208,16,diễn_tập,O,96,104
208,17,đào_tạo,O,105,112
208,18,063,O,113,116
208,19,.,O,116,117
209,1,Hồ_sơ,O,0,5
209,2,minh_họa,O,6,14
209,3,đào_tạo,O,15,22
209,4,064,O,23,26
209,5,cho,O,27,30
209,6,biết,O,31,35
209,7,Phạm_Minh_Khanh,B-PERSON,36,51
209,8,làm_việc,O,52,60
209,9,với,O,61,64
209,10,Công_ty,B-ORGANIZATION,65,72
209,11,mô_phỏng,I-ORGANIZATION,73,81
209,12,Sao_Bắc,I-ORGANIZATION,82,89
209,13,064,I-ORGANIZATION,90,93
209,14,tại,O,94,97
209,15,Phường,B-LOCATION,98,104
209,16,Mẫu,I-LOCATION,105,108
209,17,064,I-LOCATION,109,112
209,18,.,O,112,113
210,1,Trong,O,0,5
210,2,kịch_bản,O,6,14
210,3,thử_nghiệm,O,15,25
210,4,đào_tạo,O,26,33
210,5,065,O,34,37
210,6,",",O,37,38
210,7,Công_ty,B-ORGANIZATION,39,46
210,8,mô_phỏng,I-ORGANIZATION,47,55
210,9,Sao_Bắc,I-ORGANIZATION,56,63
210,10,065,I-ORGANIZATION,64,67
210,11,phối_hợp,O,68,76
210,12,với,O,77,80
210,13,Hoàng_Minh_Khanh,B-PERSON,81,97
210,14,ở,O,98,99
210,15,Phường,B-LOCATION,100,106
210,16,Mẫu,I-LOCATION,107,110
210,17,065,I-LOCATION,111,114
210,18,.,O,114,115
211,1,Tại,O,0,3
211,2,Phường,B-LOCATION,4,10
211,3,Mẫu,I-LOCATION,11,14
211,4,066,I-LOCATION,15,18
211,5,",",O,18,19
211,6,Công_ty,B-ORGANIZATION,20,27
211,7,mô_phỏng,I-ORGANIZATION,28,36
211,8,Sao_Bắc,I-ORGANIZATION,37,44
211,9,066,I-ORGANIZATION,45,48
211,10,nhận,O,49,53
211,11,phiếu,O,54,59
211,12,do,O,60,62
211,13,Phan_Minh_Khanh,B-PERSON,63,78
211,14,chuyển,O,79,85
211,15,đến,O,86,89
211,16,theo,O,90,94
211,17,mẫu,O,95,98
211,18,đào_tạo,O,99,106
211,19,066,O,107,110
211,20,.,O,110,111
212,1,Trong,O,0,5
212,2,tình_huống,O,6,16
212,3,mô_phỏng,O,17,25
212,4,đào_tạo,O,26,33
212,5,067,O,34,37
212,6,",",O,37,38
212,7,Vũ_Minh_Khanh,B-PERSON,39,52
212,8,gửi,O,53,56
212,9,hồ_sơ,O,57,62
212,10,đến,O,63,66
212,11,Công_ty,B-ORGANIZATION,67,74
212,12,mô_phỏng,I-ORGANIZATION,75,83
212,13,Sao_Bắc,I-ORGANIZATION,84,91
212,14,067,I-ORGANIZATION,92,95
212,15,tại,O,96,99
212,16,Phường,B-LOCATION,100,106
212,17,Mẫu,I-LOCATION,107,110
212,18,067,I-LOCATION,111,114
212,19,.,O,114,115
213,1,Biên_bản,O,0,8
213,2,giả_lập,O,9,16
213,3,đào_tạo,O,17,24
213,4,068,O,25,28
213,5,ghi_nhận,O,29,37
213,6,Công_ty,B-ORGANIZATION,38,45
213,7,mô_phỏng,I-ORGANIZATION,46,54
213,8,Sao_Bắc,I-ORGANIZATION,55,62
213,9,068,I-ORGANIZATION,63,66
213,10,tiếp_nhận,O,67,76
213,11,tài_liệu,O,77,85
213,12,của,O,86,89
213,13,Đặng_Minh_Khanh,B-PERSON,90,105
213,14,ở,O,106,107
213,15,Phường,B-LOCATION,108,114
213,16,Mẫu,I-LOCATION,115,118
213,17,068,I-LOCATION,119,122
213,18,.,O,122,123
214,1,Tại,O,0,3
214,2,Phường,B-LOCATION,4,10
214,3,Mẫu,I-LOCATION,11,14
214,4,069,I-LOCATION,15,18
214,5,",",O,18,19
214,6,Bùi_Minh_Khanh,B-PERSON,20,34
214,7,trao_đổi,O,35,43
214,8,biểu_mẫu,O,44,52
214,9,với,O,53,56
214,10,Công_ty,B-ORGANIZATION,57,64
214,11,mô_phỏng,I-ORGANIZATION,65,73
214,12,Sao_Bắc,I-ORGANIZATION,74,81
214,13,069,I-ORGANIZATION,82,85
214,14,trong,O,86,91
214,15,buổi,O,92,96
214,16,diễn_tập,O,97,105
214,17,đào_tạo,O,106,113
214,18,069,O,114,117
214,19,.,O,117,118
215,1,Hồ_sơ,O,0,5
215,2,minh_họa,O,6,14
215,3,đào_tạo,O,15,22
215,4,070,O,23,26
215,5,cho,O,27,30
215,6,biết,O,31,35
215,7,Đỗ_Minh_Khanh,B-PERSON,36,49
215,8,làm_việc,O,50,58
215,9,với,O,59,62
215,10,Công_ty,B-ORGANIZATION,63,70
215,11,mô_phỏng,I-ORGANIZATION,71,79
215,12,Sao_Bắc,I-ORGANIZATION,80,87
215,13,070,I-ORGANIZATION,88,91
215,14,tại,O,92,95
215,15,Phường,B-LOCATION,96,102
215,16,Mẫu,I-LOCATION,103,106
215,17,070,I-LOCATION,107,110
215,18,.,O,110,111
216,1,Trong,O,0,5
216,2,kịch_bản,O,6,14
216,3,thử_nghiệm,O,15,25
216,4,đào_tạo,O,26,33
216,5,071,O,34,37
216,6,",",O,37,38
216,7,Công_ty,B-ORGANIZATION,39,46
216,8,mô_phỏng,I-ORGANIZATION,47,55
216,9,Sao_Bắc,I-ORGANIZATION,56,63
216,10,071,I-ORGANIZATION,64,67
216,11,phối_hợp,O,68,76
216,12,với,O,77,80
216,13,Nguyễn_Minh_Lan,B-PERSON,81,96
216,14,ở,O,97,98
216,15,Phường,B-LOCATION,99,105
216,16,Mẫu,I-LOCATION,106,109
216,17,071,I-LOCATION,110,113
216,18,.,O,113,114
217,1,Tại,O,0,3
217,2,Phường,B-LOCATION,4,10
217,3,Mẫu,I-LOCATION,11,14
217,4,072,I-LOCATION,15,18
217,5,",",O,18,19
217,6,Công_ty,B-ORGANIZATION,20,27
217,7,mô_phỏng,I-ORGANIZATION,28,36
217,8,Sao_Bắc,I-ORGANIZATION,37,44
217,9,072,I-ORGANIZATION,45,48
217,10,nhận,O,49,53
217,11,phiếu,O,54,59
217,12,do,O,60,62
217,13,Trần_Minh_Lan,B-PERSON,63,76
217,14,chuyển,O,77,83
217,15,đến,O,84,87
217,16,theo,O,88,92
217,17,mẫu,O,93,96
217,18,đào_tạo,O,97,104
217,19,072,O,105,108
217,20,.,O,108,109
218,1,Trong,O,0,5
218,2,tình_huống,O,6,16
218,3,mô_phỏng,O,17,25
218,4,đào_tạo,O,26,33
218,5,073,O,34,37
218,6,",",O,37,38
218,7,Lê_Minh_Lan,B-PERSON,39,50
218,8,gửi,O,51,54
218,9,hồ_sơ,O,55,60
218,10,đến,O,61,64
218,11,Công_ty,B-ORGANIZATION,65,72
218,12,mô_phỏng,I-ORGANIZATION,73,81
218,13,Sao_Bắc,I-ORGANIZATION,82,89
218,14,073,I-ORGANIZATION,90,93
218,15,tại,O,94,97
218,16,Phường,B-LOCATION,98,104
218,17,Mẫu,I-LOCATION,105,108
218,18,073,I-LOCATION,109,112
218,19,.,O,112,113
219,1,Biên_bản,O,0,8
219,2,giả_lập,O,9,16
219,3,đào_tạo,O,17,24
219,4,074,O,25,28
219,5,ghi_nhận,O,29,37
219,6,Công_ty,B-ORGANIZATION,38,45
219,7,mô_phỏng,I-ORGANIZATION,46,54
219,8,Sao_Bắc,I-ORGANIZATION,55,62
219,9,074,I-ORGANIZATION,63,66
219,10,tiếp_nhận,O,67,76
219,11,tài_liệu,O,77,85
219,12,của,O,86,89
219,13,Phạm_Minh_Lan,B-PERSON,90,103
219,14,ở,O,104,105
219,15,Phường,B-LOCATION,106,112
219,16,Mẫu,I-LOCATION,113,116
219,17,074,I-LOCATION,117,120
219,18,.,O,120,121
220,1,Tại,O,0,3
220,2,Phường,B-LOCATION,4,10
220,3,Mẫu,I-LOCATION,11,14
220,4,075,I-LOCATION,15,18
220,5,",",O,18,19
220,6,Hoàng_Minh_Lan,B-PERSON,20,34
220,7,trao_đổi,O,35,43
220,8,biểu_mẫu,O,44,52
220,9,với,O,53,56
220,10,Công_ty,B-ORGANIZATION,57,64
220,11,mô_phỏng,I-ORGANIZATION,65,73
220,12,Sao_Bắc,I-ORGANIZATION,74,81
220,13,075,I-ORGANIZATION,82,85
220,14,trong,O,86,91
220,15,buổi,O,92,96
220,16,diễn_tập,O,97,105
220,17,đào_tạo,O,106,113
220,18,075,O,114,117
220,19,.,O,117,118
221,1,Hồ_sơ,O,0,5
221,2,minh_họa,O,6,14
221,3,đào_tạo,O,15,22
221,4,076,O,23,26
221,5,cho,O,27,30
221,6,biết,O,31,35
221,7,Phan_Minh_Lan,B-PERSON,36,49
221,8,làm_việc,O,50,58
221,9,với,O,59,62
221,10,Công_ty,B-ORGANIZATION,63,70
221,11,mô_phỏng,I-ORGANIZATION,71,79
221,12,Sao_Bắc,I-ORGANIZATION,80,87
221,13,076,I-ORGANIZATION,88,91
221,14,tại,O,92,95
221,15,Phường,B-LOCATION,96,102
221,16,Mẫu,I-LOCATION,103,106
221,17,076,I-LOCATION,107,110
221,18,.,O,110,111
222,1,Trong,O,0,5
222,2,kịch_bản,O,6,14
222,3,thử_nghiệm,O,15,25
222,4,đào_tạo,O,26,33
222,5,077,O,34,37
222,6,",",O,37,38
222,7,Công_ty,B-ORGANIZATION,39,46
222,8,mô_phỏng,I-ORGANIZATION,47,55
222,9,Sao_Bắc,I-ORGANIZATION,56,63
222,10,077,I-ORGANIZATION,64,67
222,11,phối_hợp,O,68,76
222,12,với,O,77,80
222,13,Vũ_Minh_Lan,B-PERSON,81,92
222,14,ở,O,93,94
222,15,Phường,B-LOCATION,95,101
222,16,Mẫu,I-LOCATION,102,105
222,17,077,I-LOCATION,106,109
222,18,.,O,109,110
223,1,Tại,O,0,3
223,2,Phường,B-LOCATION,4,10
223,3,Mẫu,I-LOCATION,11,14
223,4,078,I-LOCATION,15,18
223,5,",",O,18,19
223,6,Công_ty,B-ORGANIZATION,20,27
223,7,mô_phỏng,I-ORGANIZATION,28,36
223,8,Sao_Bắc,I-ORGANIZATION,37,44
223,9,078,I-ORGANIZATION,45,48
223,10,nhận,O,49,53
223,11,phiếu,O,54,59
223,12,do,O,60,62
223,13,Đặng_Minh_Lan,B-PERSON,63,76
223,14,chuyển,O,77,83
223,15,đến,O,84,87
223,16,theo,O,88,92
223,17,mẫu,O,93,96
223,18,đào_tạo,O,97,104
223,19,078,O,105,108
223,20,.,O,108,109
224,1,Trong,O,0,5
224,2,tình_huống,O,6,16
224,3,mô_phỏng,O,17,25
224,4,đào_tạo,O,26,33
224,5,079,O,34,37
224,6,",",O,37,38
224,7,Bùi_Minh_Lan,B-PERSON,39,51
224,8,gửi,O,52,55
224,9,hồ_sơ,O,56,61
224,10,đến,O,62,65
224,11,Công_ty,B-ORGANIZATION,66,73
224,12,mô_phỏng,I-ORGANIZATION,74,82
224,13,Sao_Bắc,I-ORGANIZATION,83,90
224,14,079,I-ORGANIZATION,91,94
224,15,tại,O,95,98
224,16,Phường,B-LOCATION,99,105
224,17,Mẫu,I-LOCATION,106,109
224,18,079,I-LOCATION,110,113
224,19,.,O,113,114
225,1,Biên_bản,O,0,8
225,2,giả_lập,O,9,16
225,3,đào_tạo,O,17,24
225,4,080,O,25,28
225,5,ghi_nhận,O,29,37
225,6,Công_ty,B-ORGANIZATION,38,45
225,7,mô_phỏng,I-ORGANIZATION,46,54
225,8,Sao_Bắc,I-ORGANIZATION,55,62
225,9,080,I-ORGANIZATION,63,66
225,10,tiếp_nhận,O,67,76
225,11,tài_liệu,O,77,85
225,12,của,O,86,89
225,13,Đỗ_Minh_Lan,B-PERSON,90,101
225,14,ở,O,102,103
225,15,Phường,B-LOCATION,104,110
225,16,Mẫu,I-LOCATION,111,114
225,17,080,I-LOCATION,115,118
225,18,.,O,118,119
226,1,Tại,O,0,3
226,2,Phường,B-LOCATION,4,10
226,3,Mẫu,I-LOCATION,11,14
226,4,081,I-LOCATION,15,18
226,5,",",O,18,19
226,6,Nguyễn_Minh_Minh,B-PERSON,20,36
226,7,trao_đổi,O,37,45
226,8,biểu_mẫu,O,46,54
226,9,với,O,55,58
226,10,Công_ty,B-ORGANIZATION,59,66
226,11,mô_phỏng,I-ORGANIZATION,67,75
226,12,Sao_Bắc,I-ORGANIZATION,76,83
226,13,081,I-ORGANIZATION,84,87
226,14,trong,O,88,93
226,15,buổi,O,94,98
226,16,diễn_tập,O,99,107
226,17,đào_tạo,O,108,115
226,18,081,O,116,119
226,19,.,O,119,120
227,1,Hồ_sơ,O,0,5
227,2,minh_họa,O,6,14
227,3,đào_tạo,O,15,22
227,4,082,O,23,26
227,5,cho,O,27,30
227,6,biết,O,31,35
227,7,Trần_Minh_Minh,B-PERSON,36,50
227,8,làm_việc,O,51,59
227,9,với,O,60,63
227,10,Công_ty,B-ORGANIZATION,64,71
227,11,mô_phỏng,I-ORGANIZATION,72,80
227,12,Sao_Bắc,I-ORGANIZATION,81,88
227,13,082,I-ORGANIZATION,89,92
227,14,tại,O,93,96
227,15,Phường,B-LOCATION,97,103
227,16,Mẫu,I-LOCATION,104,107
227,17,082,I-LOCATION,108,111
227,18,.,O,111,112
228,1,Trong,O,0,5
228,2,kịch_bản,O,6,14
228,3,thử_nghiệm,O,15,25
228,4,đào_tạo,O,26,33
228,5,083,O,34,37
228,6,",",O,37,38
228,7,Công_ty,B-ORGANIZATION,39,46
228,8,mô_phỏng,I-ORGANIZATION,47,55
228,9,Sao_Bắc,I-ORGANIZATION,56,63
228,10,083,I-ORGANIZATION,64,67
228,11,phối_hợp,O,68,76
228,12,với,O,77,80
228,13,Lê_Minh_Minh,B-PERSON,81,93
228,14,ở,O,94,95
228,15,Phường,B-LOCATION,96,102
228,16,Mẫu,I-LOCATION,103,106
228,17,083,I-LOCATION,107,110
228,18,.,O,110,111
229,1,Tại,O,0,3
229,2,Phường,B-LOCATION,4,10
229,3,Mẫu,I-LOCATION,11,14
229,4,084,I-LOCATION,15,18
229,5,",",O,18,19
229,6,Công_ty,B-ORGANIZATION,20,27
229,7,mô_phỏng,I-ORGANIZATION,28,36
229,8,Sao_Bắc,I-ORGANIZATION,37,44
229,9,084,I-ORGANIZATION,45,48
229,10,nhận,O,49,53
229,11,phiếu,O,54,59
229,12,do,O,60,62
229,13,Phạm,B-PERSON,63,67
229,14,Minh,I-PERSON,68,72
229,15,Minh,I-PERSON,73,77
229,16,chuyển,O,78,84
229,17,đến,O,85,88
229,18,theo,O,89,93
229,19,mẫu,O,94,97
229,20,đào_tạo,O,98,105
229,21,084,O,106,109
229,22,.,O,109,110
230,1,Trong,O,0,5
230,2,tình_huống,O,6,16
230,3,mô_phỏng,O,17,25
230,4,đào_tạo,O,26,33
230,5,085,O,34,37
230,6,",",O,37,38
230,7,Hoàng_Minh_Minh,B-PERSON,39,54
230,8,gửi,O,55,58
230,9,hồ_sơ,O,59,64
230,10,đến,O,65,68
230,11,Công_ty,B-ORGANIZATION,69,76
230,12,mô_phỏng,I-ORGANIZATION,77,85
230,13,Sao_Bắc,I-ORGANIZATION,86,93
230,14,085,I-ORGANIZATION,94,97
230,15,tại,O,98,101
230,16,Phường,B-LOCATION,102,108
230,17,Mẫu,I-LOCATION,109,112
230,18,085,I-LOCATION,113,116
230,19,.,O,116,117
231,1,Biên_bản,O,0,8
231,2,giả_lập,O,9,16
231,3,đào_tạo,O,17,24
231,4,086,O,25,28
231,5,ghi_nhận,O,29,37
231,6,Công_ty,B-ORGANIZATION,38,45
231,7,mô_phỏng,I-ORGANIZATION,46,54
231,8,Sao_Bắc,I-ORGANIZATION,55,62
231,9,086,I-ORGANIZATION,63,66
231,10,tiếp_nhận,O,67,76
231,11,tài_liệu,O,77,85
231,12,của,O,86,89
231,13,Phan_Minh_Minh,B-PERSON,90,104
231,14,ở,O,105,106
231,15,Phường,B-LOCATION,107,113
231,16,Mẫu,I-LOCATION,114,117
231,17,086,I-LOCATION,118,121
231,18,.,O,121,122
232,1,Tại,O,0,3
232,2,Phường,B-LOCATION,4,10
232,3,Mẫu,I-LOCATION,11,14
232,4,087,I-LOCATION,15,18
232,5,",",O,18,19
232,6,Vũ_Minh_Minh,B-PERSON,20,32
232,7,trao_đổi,O,33,41
232,8,biểu_mẫu,O,42,50
232,9,với,O,51,54
232,10,Công_ty,B-ORGANIZATION,55,62
232,11,mô_phỏng,I-ORGANIZATION,63,71
232,12,Sao_Bắc,I-ORGANIZATION,72,79
232,13,087,I-ORGANIZATION,80,83
232,14,trong,O,84,89
232,15,buổi,O,90,94
232,16,diễn_tập,O,95,103
232,17,đào_tạo,O,104,111
232,18,087,O,112,115
232,19,.,O,115,116
233,1,Hồ_sơ,O,0,5
233,2,minh_họa,O,6,14
233,3,đào_tạo,O,15,22
233,4,088,O,23,26
233,5,cho,O,27,30
233,6,biết,O,31,35
233,7,Đặng_Minh_Minh,B-PERSON,36,50
233,8,làm_việc,O,51,59
233,9,với,O,60,63
233,10,Công_ty,B-ORGANIZATION,64,71
233,11,mô_phỏng,I-ORGANIZATION,72,80
233,12,Sao_Bắc,I-ORGANIZATION,81,88
233,13,088,I-ORGANIZATION,89,92
233,14,tại,O,93,96
233,15,Phường,B-LOCATION,97,103
233,16,Mẫu,I-LOCATION,104,107
233,17,088,I-LOCATION,108,111
233,18,.,O,111,112
234,1,Trong,O,0,5
234,2,kịch_bản,O,6,14
234,3,thử_nghiệm,O,15,25
234,4,đào_tạo,O,26,33
234,5,089,O,34,37
234,6,",",O,37,38
234,7,Công_ty,B-ORGANIZATION,39,46
234,8,mô_phỏng,I-ORGANIZATION,47,55
234,9,Sao_Bắc,I-ORGANIZATION,56,63
234,10,089,I-ORGANIZATION,64,67
234,11,phối_hợp,O,68,76
234,12,với,O,77,80
234,13,Bùi_Minh_Minh,B-PERSON,81,94
234,14,ở,O,95,96
234,15,Phường,B-LOCATION,97,103
234,16,Mẫu,I-LOCATION,104,107
234,17,089,I-LOCATION,108,111
234,18,.,O,111,112
235,1,Tại,O,0,3
235,2,Phường,B-LOCATION,4,10
235,3,Mẫu,I-LOCATION,11,14
235,4,090,I-LOCATION,15,18
235,5,",",O,18,19
235,6,Công_ty,B-ORGANIZATION,20,27
235,7,mô_phỏng,I-ORGANIZATION,28,36
235,8,Sao_Bắc,I-ORGANIZATION,37,44
235,9,090,I-ORGANIZATION,45,48
235,10,nhận,O,49,53
235,11,phiếu,O,54,59
235,12,do,O,60,62
235,13,Đỗ,B-PERSON,63,65
235,14,Minh,I-PERSON,66,70
235,15,Minh,I-PERSON,71,75
235,16,chuyển,O,76,82
235,17,đến,O,83,86
235,18,theo,O,87,91
235,19,mẫu,O,92,95
235,20,đào_tạo,O,96,103
235,21,090,O,104,107
235,22,.,O,107,108
236,1,Trong,O,0,5
236,2,tình_huống,O,6,16
236,3,mô_phỏng,O,17,25
236,4,đào_tạo,O,26,33
236,5,091,O,34,37
236,6,",",O,37,38
236,7,Nguyễn_Minh_Ngọc,B-PERSON,39,55
236,8,gửi,O,56,59
236,9,hồ_sơ,O,60,65
236,10,đến,O,66,69
236,11,Công_ty,B-ORGANIZATION,70,77
236,12,mô_phỏng,I-ORGANIZATION,78,86
236,13,Sao_Bắc,I-ORGANIZATION,87,94
236,14,091,I-ORGANIZATION,95,98
236,15,tại,O,99,102
236,16,Phường,B-LOCATION,103,109
236,17,Mẫu,I-LOCATION,110,113
236,18,091,I-LOCATION,114,117
236,19,.,O,117,118
237,1,Biên_bản,O,0,8
237,2,giả_lập,O,9,16
237,3,đào_tạo,O,17,24
237,4,092,O,25,28
237,5,ghi_nhận,O,29,37
237,6,Công_ty,B-ORGANIZATION,38,45
237,7,mô_phỏng,I-ORGANIZATION,46,54
237,8,Sao_Bắc,I-ORGANIZATION,55,62
237,9,092,I-ORGANIZATION,63,66
237,10,tiếp_nhận,O,67,76
237,11,tài_liệu,O,77,85
237,12,của,O,86,89
237,13,Trần_Minh_Ngọc,B-PERSON,90,104
237,14,ở,O,105,106
237,15,Phường,B-LOCATION,107,113
237,16,Mẫu,I-LOCATION,114,117
237,17,092,I-LOCATION,118,121
237,18,.,O,121,122
238,1,Tại,O,0,3
238,2,Phường,B-LOCATION,4,10
238,3,Mẫu,I-LOCATION,11,14
238,4,093,I-LOCATION,15,18
238,5,",",O,18,19
238,6,Lê_Minh_Ngọc,B-PERSON,20,32
238,7,trao_đổi,O,33,41
238,8,biểu_mẫu,O,42,50
238,9,với,O,51,54
238,10,Công_ty,B-ORGANIZATION,55,62
238,11,mô_phỏng,I-ORGANIZATION,63,71
238,12,Sao_Bắc,I-ORGANIZATION,72,79
238,13,093,I-ORGANIZATION,80,83
238,14,trong,O,84,89
238,15,buổi,O,90,94
238,16,diễn_tập,O,95,103
238,17,đào_tạo,O,104,111
238,18,093,O,112,115
238,19,.,O,115,116
239,1,Hồ_sơ,O,0,5
239,2,minh_họa,O,6,14
239,3,đào_tạo,O,15,22
239,4,094,O,23,26
239,5,cho,O,27,30
239,6,biết,O,31,35
239,7,Phạm_Minh_Ngọc,B-PERSON,36,50
239,8,làm_việc,O,51,59
239,9,với,O,60,63
239,10,Công_ty,B-ORGANIZATION,64,71
239,11,mô_phỏng,I-ORGANIZATION,72,80
239,12,Sao_Bắc,I-ORGANIZATION,81,88
239,13,094,I-ORGANIZATION,89,92
239,14,tại,O,93,96
239,15,Phường,B-LOCATION,97,103
239,16,Mẫu,I-LOCATION,104,107
239,17,094,I-LOCATION,108,111
239,18,.,O,111,112
240,1,Trong,O,0,5
240,2,kịch_bản,O,6,14
240,3,thử_nghiệm,O,15,25
240,4,đào_tạo,O,26,33
240,5,095,O,34,37
240,6,",",O,37,38
240,7,Công_ty,B-ORGANIZATION,39,46
240,8,mô_phỏng,I-ORGANIZATION,47,55
240,9,Sao_Bắc,I-ORGANIZATION,56,63
240,10,095,I-ORGANIZATION,64,67
240,11,phối_hợp,O,68,76
240,12,với,O,77,80
240,13,Hoàng_Minh_Ngọc,B-PERSON,81,96
240,14,ở,O,97,98
240,15,Phường,B-LOCATION,99,105
240,16,Mẫu,I-LOCATION,106,109
240,17,095,I-LOCATION,110,113
240,18,.,O,113,114
241,1,Tại,O,0,3
241,2,Phường,B-LOCATION,4,10
241,3,Mẫu,I-LOCATION,11,14
241,4,096,I-LOCATION,15,18
241,5,",",O,18,19
241,6,Công_ty,B-ORGANIZATION,20,27
241,7,mô_phỏng,I-ORGANIZATION,28,36
241,8,Sao_Bắc,I-ORGANIZATION,37,44
241,9,096,I-ORGANIZATION,45,48
241,10,nhận,O,49,53
241,11,phiếu,O,54,59
241,12,do,O,60,62
241,13,Phan,B-PERSON,63,67
241,14,Minh,I-PERSON,68,72
241,15,Ngọc,I-PERSON,73,77
241,16,chuyển,O,78,84
241,17,đến,O,85,88
241,18,theo,O,89,93
241,19,mẫu,O,94,97
241,20,đào_tạo,O,98,105
241,21,096,O,106,109
241,22,.,O,109,110
242,1,Trong,O,0,5
242,2,tình_huống,O,6,16
242,3,mô_phỏng,O,17,25
242,4,đào_tạo,O,26,33
242,5,097,O,34,37
242,6,",",O,37,38
242,7,Vũ_Minh_Ngọc,B-PERSON,39,51
242,8,gửi,O,52,55
242,9,hồ_sơ,O,56,61
242,10,đến,O,62,65
242,11,Công_ty,B-ORGANIZATION,66,73
242,12,mô_phỏng,I-ORGANIZATION,74,82
242,13,Sao_Bắc,I-ORGANIZATION,83,90
242,14,097,I-ORGANIZATION,91,94
242,15,tại,O,95,98
242,16,Phường,B-LOCATION,99,105
242,17,Mẫu,I-LOCATION,106,109
242,18,097,I-LOCATION,110,113
242,19,.,O,113,114
243,1,Biên_bản,O,0,8
243,2,giả_lập,O,9,16
243,3,đào_tạo,O,17,24
243,4,098,O,25,28
243,5,ghi_nhận,O,29,37
243,6,Công_ty,B-ORGANIZATION,38,45
243,7,mô_phỏng,I-ORGANIZATION,46,54
243,8,Sao_Bắc,I-ORGANIZATION,55,62
243,9,098,I-ORGANIZATION,63,66
243,10,tiếp_nhận,O,67,76
243,11,tài_liệu,O,77,85
243,12,của,O,86,89
243,13,Đặng_Minh_Ngọc,B-PERSON,90,104
243,14,ở,O,105,106
243,15,Phường,B-LOCATION,107,113
243,16,Mẫu,I-LOCATION,114,117
243,17,098,I-LOCATION,118,121
243,18,.,O,121,122
244,1,Tại,O,0,3
244,2,Phường,B-LOCATION,4,10
244,3,Mẫu,I-LOCATION,11,14
244,4,099,I-LOCATION,15,18
244,5,",",O,18,19
244,6,Bùi_Minh_Ngọc,B-PERSON,20,33
244,7,trao_đổi,O,34,42
244,8,biểu_mẫu,O,43,51
244,9,với,O,52,55
244,10,Công_ty,B-ORGANIZATION,56,63
244,11,mô_phỏng,I-ORGANIZATION,64,72
244,12,Sao_Bắc,I-ORGANIZATION,73,80
244,13,099,I-ORGANIZATION,81,84
244,14,trong,O,85,90
244,15,buổi,O,91,95
244,16,diễn_tập,O,96,104
244,17,đào_tạo,O,105,112
244,18,099,O,113,116
244,19,.,O,116,117
245,1,Hồ_sơ,O,0,5
245,2,minh_họa,O,6,14
245,3,đào_tạo,O,15,22
245,4,100,O,23,26
245,5,cho,O,27,30
245,6,biết,O,31,35
245,7,Đỗ_Minh_Ngọc,B-PERSON,36,48
245,8,làm_việc,O,49,57
245,9,với,O,58,61
245,10,Công_ty,B-ORGANIZATION,62,69
245,11,mô_phỏng,I-ORGANIZATION,70,78
245,12,Sao_Bắc,I-ORGANIZATION,79,86
245,13,100,I-ORGANIZATION,87,90
245,14,tại,O,91,94
245,15,Phường,B-LOCATION,95,101
245,16,Mẫu,I-LOCATION,102,105
245,17,100,I-LOCATION,106,109
245,18,.,O,109,110
